true,prediction
5.0,5.0945635
5.0,4.9985065
5.0,4.999451
8.823909,7.961731
5.0,5.619581
5.0,5.130836
5.5686364,5.6115084
5.0,5.412524
5.0,5.1951623
5.0,4.9924474
5.0,4.990464
5.0,4.989135
5.0,4.992628
7.481486,6.030429
5.0,5.3296714
5.0,4.991982
9.431798,8.830793
5.0,5.848984
5.0,4.98874
5.0,5.0244913
5.0,5.060093
5.0,4.986903
5.0,4.987861
5.0,4.9997973
5.0,5.035783
5.0,5.00938
5.958607,6.015934
5.0,4.9918547
5.0,5.0828824
6.337242,4.987743
5.7212462,7.1576586
6.6382723,6.1398773
5.7212462,5.261215
5.0,4.991736
8.30103,8.489706
5.0,4.930518
5.0,5.154255
6.3565474,5.00132
5.0,4.9917912
6.6777806,7.8282056
5.0,4.9958405
7.7447276,5.6242113
5.387216,5.1348724
5.0,5.0152073
5.0,4.9922037
5.0,4.9913163
5.0,4.9887705
5.0,4.986987
5.0,4.992028
5.0,4.9894605
7.2839966,7.2957125
5.0,4.9910007
5.0,5.0543013
5.0,5.5187907
5.4317985,5.5601187
5.0,5.475708
5.0,5.509975
5.0,4.9919267
5.0,4.9871626
5.0,5.104061
5.0,4.994948
5.0,5.052534
5.0,5.0856314
5.0,4.9909034
5.0,4.9909854
5.0,4.9736066
5.0,4.9983506
7.69897,7.1136413
5.0,5.0039086
5.0,4.994278
6.4089355,6.0560107
5.4436975,5.988995
5.0,5.0495186
5.0,5.0082245
5.0,4.989276
8.958608,7.955367
5.0,4.989625
5.0,4.992045
5.0,5.014738
6.0132284,6.8878055
5.0,4.992129
5.0,4.9728837
5.3467875,5.248342
5.2676063,6.37137
5.0,4.998717
6.49485,6.012577
5.0,4.996561
5.0,4.9917326
5.0,4.9875126
5.0,4.9943433
5.0,4.98957
5.0,4.989318
5.0,5.7988114
5.0,4.990675
5.0,4.9897823
5.0,5.035726
5.920819,6.149807
5.0,4.9945216
5.0,4.9927397
6.823909,6.4790425
5.0,5.0092645
6.3665314,6.3431807
6.6777806,5.484258
5.0,5.0581636
5.0,4.989198
5.0,4.994098
5.0,4.9895597
5.0,4.992254
6.481486,5.8851914
7.21467,6.6360044
5.0,4.997282
5.0,4.998241
5.0,5.050862
5.0,5.0716825
5.0,5.0142484
5.0,5.0792418
5.0,4.98489
6.958607,6.595105
5.0,4.9905148
6.4436975,6.5067797
5.0,5.007872
5.5086384,5.9946733
5.0,4.9941707
5.0,5.0819907
5.207608,5.867635
5.0,5.588208
5.0,4.9836755
5.0,4.990567
5.0,5.5916247
5.0,4.9967127
7.221849,7.9077215
5.0,4.9965835
5.0,5.024924
5.0,4.9932613
5.0,4.994463
5.0,4.9893723
6.4089355,7.963596
5.0,4.990294
5.275724,5.0902357
6.7212462,6.279481
5.251812,5.6541905
5.0,4.993658
5.0,5.0082226
5.0,5.037122
5.0,4.991484
5.0,5.00781
6.09691,5.1554356
5.0,4.996217
5.0,4.993372
5.0,5.0090675
6.7447276,6.8408117
5.920819,5.121148
5.0,4.9941397
5.0,4.990728
5.0,4.998631
5.0,5.016975
5.0,5.6644645
5.0,4.9906216
5.0,5.0761337
5.0,4.990716
5.0,4.9910645
5.0,4.998157
5.0,4.9955955
5.0,4.990849
5.0,5.0382285
5.5086384,4.9895515
5.7695513,5.1010494
5.0,4.995049
5.0,5.197377
5.0,4.9901204
6.552842,6.697077
6.070581,6.5526724
5.0,5.001608
5.0,4.9972925
5.0,4.989362
6.070581,6.4733515
5.0,5.0993733
5.0,4.9922624
5.0,4.988611
5.0,5.002146
6.337242,6.364008
6.3665314,6.1785846
7.091515,5.7015443
5.6382723,5.0170093
5.0,4.996893
5.0,4.9882984
5.0,5.095561
5.0,5.015811
5.0,4.995334
6.309804,5.0372925
5.0,4.9932485
5.0,4.99546
5.0,5.3035555
5.0,5.057586
5.0,5.022701
5.468521,4.9902945
5.0,4.9945073
5.0,4.9916005
5.481486,5.563904
5.0,4.9912796
5.0,5.078829
5.0,4.9934154
5.0,4.990476
5.7212462,5.2352843
5.0,4.9879327
5.0,5.16641
5.1870866,6.1311502
5.5228786,6.3502393
5.0,4.9870863
5.0,4.9948244
5.0,4.985599
5.8860564,6.221131
6.1191864,6.419455
5.0,5.0602703
5.0,5.0011635
5.0,4.991865
5.4317985,5.143429
7.2006593,7.107621
5.0,4.9615264
5.0,4.995643
5.0,4.997529
5.455932,7.1952586
5.0,4.991632
5.0,4.990227
5.0,4.9924917
5.0,4.995238
6.229148,6.6939363
5.0,5.0681973
5.0,5.004654
5.69897,5.282089
5.0,5.39413
5.0,4.9905524
5.7447276,7.3208866
5.0,4.988583
5.0,4.999392
5.0,4.9914827
5.0,5.06368
7.318759,5.0147457
5.49485,5.314286
5.0,5.1393685
5.49485,5.0251856
5.455932,4.9943147
5.0,5.250076
5.0,4.9895306
5.0,5.4619446
6.207608,5.6115084
5.0,4.98874
5.0,4.989487
5.0,5.0047774
5.0,5.063631
6.275724,6.3855734
5.0,5.011147
5.49485,5.5028253
5.0,4.9903946
5.0,4.9909406
5.7447276,6.872815
6.79588,7.0761414
6.080922,6.288832
5.0,5.05236
7.251812,6.7116575
5.0,5.2101307
5.0,4.972435
5.0,4.9952435
5.004365,5.11169
5.0,5.5167327
5.0,4.990382
5.0,5.4341
5.0,4.988959
5.0,5.177582
7.091515,8.476014
5.7447276,5.128596
5.0,4.9897857
5.0,5.197854
5.2596374,5.335501
6.1426673,5.7785587
5.0,4.977674
5.0,4.9873023
5.0,4.98547
5.0,4.9643707
5.0,5.002119
6.7212462,6.682377
5.0,4.994755
5.7695513,6.2072954
5.7447276,6.3336997
5.0,4.9902143
5.0,4.9984107
7.161151,7.004669
8.443698,7.8062086
5.0,4.991232
5.0,5.003383
5.0,4.9936957
5.5850267,5.703507
5.0,5.3461356
6.5686364,6.3338647
5.0,4.993198
5.0,5.0244913
5.0,5.007479
6.318759,7.8276625
5.0,5.805298
5.0,5.060093
5.0,4.95035
5.0,4.9928203
5.0,4.9928403
5.0,4.988707
5.0,4.987067
5.0,4.993317
5.0,4.9946494
5.0,5.0402913
5.0,4.987455
5.0,5.932192
5.0,4.997481
5.0,4.987699
5.0,4.9918365
5.0,4.9894433
5.0,4.994978
7.4317985,6.3486404
5.0,5.080381
5.0,5.029625
6.2596374,5.5202227
5.8860564,5.2572675
7.229148,7.3436804
5.0,5.176619
5.0,4.991484
6.39794,6.3499746
6.113509,5.238242
5.0,5.055451
5.0,4.9934645
5.0,5.033351
6.2839966,5.7326818
5.0,4.9915648
5.0,5.0079412
8.920818,9.379971
5.0,4.9917755
5.0,5.133691
5.19382,5.004317
6.6575775,6.6056323
5.0,4.996575
5.0,5.4122353
5.0,4.992659
5.0,4.999717
5.5086384,5.2057467
5.0,5.3145375
5.0,5.0210047
5.0,5.315434
5.0,5.03676
5.0,4.9920173
5.6575775,5.703507
5.0,4.9544306
6.537602,6.189555
5.0,4.991562
5.0,5.0385957
5.0,5.090859
5.0,5.0031347
5.0,4.992673
5.8860564,5.7635536
5.0,4.9855833
5.0,4.9897194
6.1191864,6.250836
5.0,5.010329
5.0,4.988894
5.0,4.9877934
5.0,5.0765233
5.0,4.9952025
5.180456,5.263535
5.0,4.99137
5.0,4.9922066
5.0,4.9948106
5.1307683,5.776535
5.0,4.989259
5.0,4.9953094
7.017729,6.0633
5.0,4.9953065
5.0,5.273025
5.0,4.995945
7.8860564,8.325036
5.0,5.009539
5.0,4.994339
5.823909,5.004996
5.0,4.993401
5.0,5.3141575
8.21467,7.224213
5.0,4.991756
5.0,4.9899135
7.0409584,5.645648
5.0,5.0186243
5.0,4.990483
5.0,4.9899583
5.853872,6.0517564
6.113509,5.1699824
5.0,4.9912467
5.0,4.987788
5.0,4.990175
5.0,4.995309
6.251812,6.2414665
5.0,4.99234
5.8860564,5.225176
5.0,5.0849543
5.0,5.030408
5.0,5.003245
6.69897,6.9053097
5.0409584,4.9999485
5.0,4.998692
5.0,4.998105
7.60206,5.474617
7.0655017,6.094317
5.0,4.991858
5.0,4.9872565
5.0,5.0023937
5.0,5.019673
5.7212462,5.13513
5.0,5.031033
5.0,4.9464316
5.0,5.0099797
5.0,4.9937654
5.0,4.989977
5.0,5.2146306
5.0,4.9910536
6.60206,6.048012
5.0,4.9916687
5.0,4.9991803
10.0,9.956995
5.0,5.000279
5.0,4.9900203
5.0,4.9876466
6.7695513,6.8638215
5.0,4.9977827
5.0,5.1045556
5.0,4.9936175
5.0,4.9910007
5.0,4.9927726
5.0,4.988347
5.0,5.0294127
5.0,5.336589
5.0,5.04956
5.0,4.986442
5.0,5.038823
5.0,5.2191544
5.0,5.045082
5.0,4.973634
8.420217,8.257515
5.6382723,5.443471
5.0,5.08079
5.0,4.9986906
5.0,4.990913
5.0,5.016362
5.0,5.305434
5.0,5.024487
5.0,4.9881997
5.0,4.9946675
5.0,4.989748
5.0,4.989351
5.0,5.050707
5.60206,5.952941
5.0,5.0538197
6.080922,5.2608504
5.0,4.9955955
5.0,4.9934926
5.0,4.993186
5.05061,5.0745277
5.2441254,5.297571
5.0,4.993921
6.7212462,6.2678547
5.0,4.9932632
5.161151,4.9932704
5.60206,5.423673
5.0,4.9895725
6.080922,6.3395615
5.1426673,5.774441
5.0,5.7158422
5.0,4.9939203
5.0,4.9925175
5.5850267,5.3389683
6.031517,5.300441
6.1307683,6.9995317
5.0,5.0144286
5.0,5.0051017
5.0,4.993365
8.045757,6.9893217
5.0409584,5.040636
6.60206,5.832809
6.0132284,5.846489
5.0,4.9900475
5.0,4.9914794
5.0,4.9890666
5.5850267,5.5826035
5.0,5.1141586
5.0,5.0045676
5.0,5.7180986
5.0,4.988016
7.337242,5.405015
5.0,4.991832
7.2676063,5.744128
5.0,5.1008263
5.0,4.9969673
7.2006593,7.1287537
5.0,4.99603
6.4202166,5.987876
5.0,4.9904733
6.481486,5.257081
5.0,5.009539
6.1426673,5.0122395
5.0,5.0000825
5.0,4.9978933
5.0,5.673838
5.2839966,4.953529
5.0,4.987796
7.8860564,7.5236154
6.5686364,6.732414
5.0,4.9916043
5.853872,5.907634
5.4317985,6.1593857
5.0,4.991933
5.0,5.0048375
5.0,4.993575
5.0,4.9984674
5.0,4.990806
5.0,4.98162
8.537602,7.62362
5.0,5.3908906
5.0,4.9934077
5.0,4.989804
5.0,5.1365337
5.3279023,5.286104
6.8860564,5.393603
9.79588,6.9451437
5.0,4.9889984
5.0,5.355288
5.0,4.993508
5.0,5.4339795
5.0,4.980847
5.0,5.3654327
5.0,4.9938087
6.376751,5.4814205
5.0,4.997093
7.6382723,7.6592636
5.0,4.9953504
5.0,5.0063734
5.0,5.9885073
5.0,4.9938316
5.0,4.9919868
5.8860564,6.520786
5.0,4.9898043
5.0,4.988781
9.853872,9.956995
5.0,4.9895
6.4436975,6.6121407
9.267606,7.963596
5.0,4.991038
5.0,4.989341
5.0,4.989881
5.0,5.021552
5.0,4.9904
5.0,4.987456
5.5086384,5.7525053
6.1191864,5.4002833
7.318759,7.3779964
5.0,5.0213566
5.0,4.988752
5.0,5.0086
5.0,4.9951158
6.7212462,6.453004
6.5850267,5.140228
5.0,4.989725
5.0,5.0068727
5.0,4.993862
5.0,4.9941463
5.0,5.5826287
6.05061,5.0258746
5.0,4.9971404
5.0,5.0335774
5.0,5.0265894
5.0,4.999338
5.0,5.1800184
5.0,4.9881077
5.0,4.9783716
6.21467,5.1576614
5.0,5.0066032
7.8860564,7.421487
6.0457573,6.515993
6.1739254,5.287364
8.431798,7.989491
5.0,5.2309318
5.0,4.9941483
5.0,4.9929333
5.0,5.030468
5.0,5.029827
6.30103,5.5945015
5.0,4.992856
5.0,5.0024986
8.585027,8.2700815
5.0,4.993468
5.0,4.9770446
5.0,4.9791617
6.113509,6.7025523
5.4202166,5.377064
5.0,5.008836
5.0,4.9892025
5.0,4.9993906
5.0,4.9557
5.0,4.9888544
5.6197886,5.6303053
5.0,4.9905276
5.0,5.0230823
6.30103,6.8170037
5.0,4.9663377
5.0,4.9967666
5.0,4.99531
7.4202166,7.5359235
7.79588,7.8125925
5.0,5.0037346
5.0,4.9907565
5.0,5.0162406
5.0,5.018774
5.0,5.0063667
5.0,5.0400715
5.0,5.576809
5.0,5.009046
5.0,4.991112
5.0,4.9914947
5.0,5.2025604
5.8860564,6.3966804
5.0,4.996463
5.0,4.9898934
5.0,4.992671
5.958607,6.2952657
5.0,4.988877
5.1079054,4.990134
5.0,4.98716
7.113509,5.0832996
5.0,4.992907
7.958607,7.866352
5.0,4.997219
5.4202166,5.216304
5.0,4.998962
5.0,5.0065665
5.0,5.168475
6.4089355,5.866095
5.0,5.318642
6.958607,7.1810226
5.0,5.0031214
5.0,4.994257
5.0,5.0330553
5.0,4.991645
5.0,5.397687
5.0,5.1393304
5.0,4.991771
5.0,4.987199
5.0,4.9944882
5.0,4.9942102
5.0,4.991908
5.0,5.017102
5.0,4.9872518
5.0,4.9968553
5.0,5.0081253
5.823909,5.718081
8.49485,7.9521685
5.0,4.988458
5.0,4.989395
5.0,5.430582
5.0,5.0235734
5.920819,5.501108
5.0,5.036278
5.0,5.0004034
5.0,4.9869723
8.823909,8.666136
5.6197886,5.239538
5.0,4.992302
8.0,7.1136413
5.0,5.5744534
5.0,4.990059
6.3467875,5.641738
5.0,4.990133
5.0,4.9919868
5.0,5.674874
5.0,4.996528
5.0,5.0271015
5.0,5.6738877
5.0,5.0037994
6.3467875,5.9376855
5.0,4.989397
5.0,4.9898663
5.0,5.062933
5.0,4.994449
6.229148,6.1286316
6.7212462,6.457817
5.0,5.360775
5.0,4.997204
5.0,4.9944715
5.0,4.988244
5.0,4.889431
5.0,4.957047
7.1191864,6.4978223
5.0,4.9940724
6.920819,5.945896
5.091515,5.0879445
5.0,5.2052546
5.0,4.988182
5.5686364,5.7501082
6.080922,6.1794004
5.0,5.0841455
5.0,4.992709
7.6777806,7.4532356
5.0,4.997058
5.0,5.2300906
5.853872,5.414558
5.0,5.0912833
5.0,4.98847
5.0,4.9971623
5.4317985,5.2647915
6.1739254,5.663812
5.0,4.9898906
5.0,5.0050044
5.0,5.0715637
7.7212462,7.423656
5.0,4.9959264
5.0,5.83389
5.0,4.9931855
5.0,5.0021667
5.0,4.9930058
5.0,4.9927187
5.0,4.994094
5.0,5.0486145
6.7695513,6.318599
5.0,4.9922924
5.853872,5.6039186
5.0,4.997825
5.0,5.2614884
6.6197886,6.5064974
6.19382,6.659774
5.0,5.524499
6.3279023,6.625509
5.0,4.9952593
5.6382723,6.6442356
5.0,4.994653
5.0409584,5.199836
5.0,4.9902344
5.0,4.997803
6.7695513,5.5679674
7.1870866,6.527955
5.0,4.9859953
6.4436975,5.404171
5.0,4.9935365
6.7695513,6.784164
5.920819,4.9657497
5.0,5.45953
5.823909,5.1164722
5.0,4.9923363
5.7212462,6.2451043
5.69897,5.036836
5.0,4.9984527
7.958607,7.092835
5.6777806,6.523555
5.0,5.0422006
7.05061,6.299052
5.0,4.991903
5.5686364,5.4276123
7.167491,6.563602
5.0,4.9918737
5.958607,5.469411
5.0,4.996863
5.091515,4.967311
5.0,4.995868
6.387216,5.5471635
5.376751,5.046841
5.0,4.9943256
5.0,5.043686
5.0,4.991759
5.0,5.0048094
5.0,5.443495
5.0,4.993033
5.0,4.9936395
5.0,4.9934077
5.0,4.9924135
5.0,5.0096817
5.0,5.094617
5.6575775,6.0905924
5.69897,5.761282
7.1366773,7.5513144
5.0,4.9870486
5.0,5.1482553
5.0,4.991182
5.0,4.989063
5.0,4.9890413
5.1191864,5.0071616
5.0,4.995087
5.154902,5.131618
5.0,4.9948587
5.0,4.990044
5.8860564,5.0108705
5.5686364,6.086858
5.0,4.9956822
5.0,4.9897428
5.0,4.992644
5.0,5.052982
5.0,4.993291
5.0,4.9910216
5.0,5.0092673
5.0,4.9985065
5.0,5.024278
5.0,4.990236
5.0,5.0107517
5.0,4.9615154
6.853872,6.0198755
5.0,4.9950294
5.102373,5.0656023
5.0,4.9900746
5.0,5.0076914
5.0,5.089445
5.0,4.9936676
9.309804,7.7891626
5.0,5.0476236
5.0,5.0230584
6.154902,5.822263
5.468521,5.6072497
5.958607,5.084283
6.468521,6.8790746
5.0,4.993963
5.0,4.994644
5.0,4.990837
5.0,4.972897
6.0457573,6.0312195
5.0,4.992471
5.0,4.990111
6.8860564,6.654587
5.0,4.983029
5.0,5.003372
5.0,4.9911666
5.5086384,5.0082293
5.0,4.992412
5.0,5.288939
5.0,5.1877494
5.0,4.990017
6.1739254,5.5182266
6.2596374,5.517337
6.7695513,7.0535927
5.0,5.421492
5.0,4.9554625
7.5850267,6.6501865
5.0,4.9941287
5.958607,5.1017976
5.0,5.1090884
5.6777806,6.5774326
5.180456,5.447394
5.0,5.048759
5.0,5.0334673
5.79588,5.645821
5.0,5.2932343
5.0,4.9896903
5.0,4.989051
5.39794,5.3727555
5.0,4.9898195
5.0,4.993581
5.0,5.0209007
5.0,4.989245
6.0655017,5.117884
5.0,5.0050445
5.0,4.9922047
5.0,4.988872
8.20066,7.309929
5.0,4.9933314
5.79588,5.376798
8.6575775,8.519014
5.0,4.994433
7.537602,6.5189943
5.0,5.516757
5.0,5.4122353
7.207608,6.4720955
5.0,5.0126595
5.0,4.9964457
5.0,4.9886093
5.0,4.989727
7.7212462,7.927327
5.0,5.076568
6.7695513,6.950453
5.0,4.985036
5.0,4.9903994
5.0,4.991737
5.0,4.9952602
8.327902,8.132611
5.8860564,5.6558037
5.7695513,5.4094796
5.0,5.088063
5.0,4.9941444
6.387216,5.689023
5.0,5.7237926
6.49485,6.172312
6.0655017,6.932472
5.0,4.9883904
5.3565474,6.1593823
6.309804,5.4823084
5.0,4.9968767
5.0,5.012805
5.0,4.9934025
7.09691,5.408366
6.2441254,5.7976336
5.0,5.005318
6.5086384,5.4566073
6.30103,5.5863624
5.0,5.122348
6.7695513,5.8838143
5.7447276,5.8231835
5.0,4.9998097
5.0,5.1468825
5.0,4.988137
5.0,5.043251
5.0,5.7143903
5.0,5.096246
5.0,5.0033703
6.3665314,5.688114
5.0,4.9924245
5.0,4.990785
5.0,5.3116693
5.0,4.9970384
5.0,4.9874134
7.0,6.121395
8.443698,7.157033
5.0,4.9968767
9.091515,8.7051525
5.0,4.9890447
5.0,5.024403
5.0,4.99208
5.0,4.9914618
5.0,4.992188
7.09691,6.4283633
5.0,4.994347
5.0,4.9901166
5.0,5.001168
5.0604806,5.5553813
5.0,5.002576
5.0,5.216293
5.0,5.013248
5.0,4.988986
5.1487417,5.9099827
5.0,4.997493
5.0,5.3691363
5.0,5.3453465
5.0,4.990357
5.1426673,5.5028253
5.0,4.9936
5.0,4.988585
5.0,6.477394
5.0,5.0091863
5.0,4.9935083
6.920819,6.113385
5.0,4.997421
5.0,5.1942267
6.180456,6.6208935
5.0,4.9582567
10.537602,9.889248
5.0,4.9908905
5.6777806,5.0427055
5.0,6.0099497
5.0,4.9892125
8.275724,7.09106
5.0,4.9923873
5.4317985,5.6237907
5.0,4.9681916
5.0,4.9966927
5.0,5.670454
8.537602,7.5693684
5.0,5.016967
6.958607,5.909519
5.0,4.992023
5.0,5.1476884
5.0,4.989351
5.0,5.133756
5.0,4.9911547
5.0,5.1141586
5.0,4.9914827
5.0,5.046653
6.275724,5.7326813
5.0,5.1506577
6.69897,6.1616926
5.0,4.990287
5.0,5.013149
5.0,4.991077
5.0,5.0119495
7.3467875,6.1713266
5.0,4.9936957
5.0,4.9931035
5.0,5.003372
5.0,4.994158
6.1307683,5.333543
10.031517,7.591976
5.0,5.7016125
5.0,4.99669
5.0,4.987999
5.0,4.987424
5.0,5.050355
5.0,5.1721597
5.0,4.999487
5.0,5.1143494
5.0,5.0023136
5.7695513,6.582007
5.0,4.975379
5.0,4.9932885
5.0,5.029198
5.0,5.10522
5.0,4.953383
5.0,4.994103
7.017729,6.909161
5.481486,5.5842338
5.0,4.989399
5.6382723,5.377064
8.229148,7.742484
5.318759,5.0251856
7.2676063,6.3765626
5.0,4.9946117
5.0,5.091352
5.0,4.9941
5.0,4.991311
5.0,5.0595536
5.2676063,5.3394356
5.481486,5.811184
5.79588,6.3766737
8.045757,8.315397
5.5086384,5.55975
5.0,4.994061
5.0,5.0046444
6.7447276,6.516511
5.0,5.0272655
5.1366773,5.084941
5.0,4.9762893
5.0,5.008476
5.0,4.976336
5.0,4.9924817
6.19382,4.9900475
5.0,5.004262
6.823909,5.0032716
5.0,4.9894905
5.69897,7.008856
5.0,4.989002
6.853872,7.157756
7.1079054,6.6779957
5.0,4.9909153
5.0,4.9900165
5.0,4.9900546
7.075721,6.613082
5.0,4.9903555
5.0,4.9933605
5.0,4.993559
5.455932,4.983269
5.0,5.746687
5.0,5.00969
5.0,4.9935746
5.0,4.995521
5.0,5.0351853
5.0,4.99179
5.1487417,5.069672
9.236572,9.989256
5.7695513,5.0979137
5.0,5.000346
5.0,5.024447
5.0,4.9941926
5.0,5.009164
6.455932,6.2490587
7.6382723,7.2331843
5.69897,4.998179
5.2441254,5.2367697
5.0,5.0022116
5.0,4.9898067
5.0,4.991927
6.1191864,6.3378634
6.1366773,5.9945364
5.0,5.221869
5.0,4.991569
6.3467875,6.185295
5.0,5.0023823
5.0,4.9550796
5.0,5.041739
5.0,4.999698
5.0,5.049763
5.0,4.9903126
5.0,4.998156
5.0,4.990726
5.0,4.967963
5.102373,5.735262
6.1366773,5.282416
5.0,5.093445
5.0,5.0083766
5.0,4.991127
5.0,4.9920177
5.0,4.989116
8.244125,7.8663874
5.0,4.9931283
5.0,5.007164
5.0,4.993221
5.0,5.0323963
5.0,4.993277
5.0,5.051141
5.30103,5.531185
5.0,4.9947495
7.823909,7.6202526
5.0,4.994832
6.1487417,5.7078886
5.0,5.0551014
5.0,4.9888754
5.0,4.991361
5.0,4.996686
5.0,4.994666
5.0,5.0009966
6.0132284,5.7326818
5.0,4.997045
8.769551,5.7408543
5.0,5.1442494
5.0,4.9974737
5.0,4.979646
6.21467,5.8675003
5.0,4.9934254
5.0,4.996997
7.79588,6.5812936
5.0,5.017611
5.0,5.036009
6.823909,6.8916826
5.0,5.0856934
5.0,5.1444626
5.0,5.0625577
6.60206,5.8796487
5.0,5.0046983
5.0,5.724756
5.0,5.3624907
5.0,4.9927163
5.0,4.9923615
6.0222764,5.6083155
5.0,4.9920917
5.0,4.9958377
6.6575775,5.7326813
5.0,5.089124
5.455932,5.4596696
5.920819,4.992557
6.1870866,5.5923114
6.036212,5.802931
5.0,5.0239496
7.69897,6.613082
5.0,4.9990606
5.0,4.9957013
5.0,5.060093
5.0,5.4480433
5.0,5.339637
5.0,6.4935055
5.853872,5.827689
5.0,4.9895577
5.0,5.005842
5.0,4.9945397
8.136677,7.414624
5.0,4.9895697
8.017729,7.867421
5.920819,5.518645
5.0,4.991375
5.0,4.9925394
5.0,4.993489
5.0,4.9882073
5.0,5.0833817
5.0,5.034813
5.0,5.055268
5.0,5.695868
5.0,5.0270925
7.0,6.318675
5.0,5.6736584
5.0,4.9909487
8.958608,5.304912
5.0,5.457465
5.0,4.9902077
7.4089355,6.3107963
8.0,7.3490896
5.0,6.311482
5.0,5.089812
5.0,4.9869895
5.0,4.9930973
5.0,5.0156164
5.0,5.01384
6.0,5.167055
5.0,5.107722
5.0,5.214846
5.0,4.989875
5.0,5.040652
5.0,4.9931283
6.1739254,6.718137
5.0,4.9971266
5.0,5.0481095
6.60206,6.5856185
5.0,4.99288
5.0,6.665529
5.7212462,5.5865355
5.0,4.991369
5.0,4.9872103
5.0,4.98839
5.0,5.0173373
6.229148,5.863232
5.2441254,5.1728053
5.0,4.997767
6.853872,5.18397
5.0,5.043059
7.853872,8.10038
5.0,4.998118
5.0,4.9911847
5.0,4.991698
5.6777806,5.6115084
5.0,5.064578
5.0,4.990086
5.60206,5.0474606
5.0,5.1865907
5.0,4.996027
5.0,5.0014014
5.0,4.9962573
5.0,4.995358
5.0,4.9918523
5.229148,6.156277
7.69897,5.231509
6.4436975,7.8610954
5.0,4.995485
5.0,4.9944444
5.7447276,5.5451345
5.537602,4.957313
5.0,5.0431523
5.0,5.4894
5.0,4.990838
5.4436975,5.2284255
5.0,4.9879417
5.2596374,5.580945
5.0,5.118941
5.0,5.0000153
5.0,5.162372
6.481486,4.9721823
5.0,4.9943447
5.0,5.0470924
5.0,4.9901085
5.0,4.9894
5.0,4.9896317
5.0,4.986974
7.853872,7.046305
5.0,4.976058
5.0,4.990788
5.0,4.987091
6.29243,5.6858406
5.0,4.9932384
6.0655017,6.0599265
5.0,4.9769397
5.823909,4.9933753
6.102373,6.2913632
5.0,4.9886174
5.0,4.997896
5.0,5.126617
5.0,4.9913454
5.0,4.9881577
5.0,4.9896517
7.0604806,5.9131794
5.0,5.4446626
5.0,4.997242
5.017729,5.0058208
5.0,5.8150234
7.3279023,7.195874
5.0,5.090582
5.0,4.9905834
7.124939,7.037773
5.0,5.069038
6.3665314,6.5590754
5.0,4.9958377
5.0,4.987731
5.0,5.0344577
5.0,4.990581
5.0,5.010859
5.0,5.0453367
5.0,5.0250525
5.0,5.085849
6.7447276,5.6168213
7.376751,6.430385
5.0,5.24376
5.0,4.9971733
5.0,4.9928885
5.0,5.1141586
5.0,4.991906
5.0,5.51245
5.0,5.0430026
6.7695513,5.49782
5.0,4.9912643
6.7212462,6.2497196
5.0,4.993175
5.0,4.989859
5.0,5.683931
9.045757,6.039704
7.8860564,7.2334976
5.0,5.0617847
5.0,4.98952
5.0,5.0008388
5.0,5.756543
9.721247,10.065174
6.2676063,4.998445
5.5086384,6.804362
7.008774,7.1757894
5.0,4.9490166
5.0,5.064167
5.0,4.996672
6.468521,6.1398773
5.0,4.9923325
5.0,4.982472
6.6777806,6.286304
5.0,5.064033
5.0,4.9940825
5.0,5.0086274
5.0,4.978891
7.39794,7.235362
6.79588,7.0158544
5.0,4.9962397
7.3665314,6.9070215
5.0,5.0486145
5.0,4.9963784
5.60206,5.8318057
10.431798,10.221139
5.5228786,5.7435284
5.221849,5.033506
10.244125,9.889249
5.0,4.9943333
5.0,4.990531
5.0,4.9921393
6.1307683,6.647794
6.920819,6.97392
5.0,5.0126076
5.0,5.1553435
5.0,4.9742713
5.0,4.9940367
6.154902,5.877364
5.0,4.98818
5.0,4.990963
5.0,6.0966654
5.0,5.1336675
5.0,4.9919868
5.0,4.9997687
5.0,4.990355
5.0,4.9554486
5.0,5.0348897
5.0,5.0011835
5.0,5.1759033
5.0,5.2548275
5.0,5.0621676
5.0,5.0077324
5.0,4.9983897
6.3279023,5.7135177
5.0,5.6294203
5.0,5.0008807
5.468521,5.743561
5.0,4.9892583
5.5850267,5.069228
5.0,4.9886436
6.2839966,6.474486
5.0,5.5148706
7.5686364,6.636388
5.0,4.9945908
5.0,4.9944577
5.0,5.054375
5.0,4.990438
5.0,4.992659
5.0,5.30808
5.0,4.996075
5.537602,5.5597506
5.0,4.9922724
6.1191864,7.1772604
5.0,4.991736
5.0,4.991408
5.0,4.99768
6.920819,7.6147
5.0,4.9918776
5.0,5.013149
5.387216,5.7032604
5.0,4.9958754
5.0,4.989256
5.0,4.992576
5.958607,5.669488
5.60206,5.3901443
5.0,4.9923906
5.6777806,4.982082
6.026872,5.31414
5.0,5.012922
5.0,4.9883604
5.0,4.992593
5.0,4.9900618
5.0,6.6146727
5.0,4.998322
6.017729,5.0329785
5.0,4.99155
5.0,4.9748015
7.19382,6.305998
6.19382,5.4281297
6.1307683,6.6602435
6.920819,5.538816
5.0,4.99218
5.0,4.992125
6.2006593,5.2890644
5.0,5.8160105
5.0,5.0022273
5.0,4.9860954
5.0,5.16641
5.0,4.9940977
7.60206,7.040602
7.6777806,8.476014
5.0,4.9892297
5.0,5.002145
5.0,4.9966183
5.0,5.019358
6.026872,6.063133
5.0,4.951327
5.0,4.991378
5.0,5.010213
5.0,4.991922
5.0,4.9906487
5.8860564,5.303693
5.0,4.961683
5.853872,5.068206
5.0,4.989408
8.20066,7.9802036
5.0,4.9911904
5.161151,5.1406484
5.0,5.01218
5.2839966,5.009383
5.0,4.991988
5.0,5.0184803
5.0,4.990104
5.0,4.9996767
6.3279023,7.1639314
7.337242,7.473549
5.0,5.104995
6.853872,6.755868
5.0,5.0048423
5.0,5.0119977
5.0,4.995836
7.958607,8.0316305
5.0,4.998578
5.0,4.991881
5.091515,4.987433
5.0,4.989845
5.0,4.9932675
6.823909,4.997282
5.0,4.99603
5.0,5.020232
6.036212,5.665548
6.207608,5.2803545
5.0,4.992074
5.0,5.148952
5.0,5.000894
6.0409584,5.7989473
5.0,5.075602
5.0,5.0034685
5.0,4.9948587
5.0,5.007003
5.0,4.989402
7.8860564,7.28549
5.49485,4.990253
5.6197886,5.4122353
6.275724,5.796769
5.0,4.994862
5.0,4.9874954
5.0,5.089886
5.0,5.050707
5.0,4.9950895
5.60206,5.05421
5.0,4.9895363
5.0,4.9973392
5.0,4.9938936
6.8860564,5.5195117
5.0,4.987162
5.958607,5.3901443
5.0,4.980144
5.0,5.005987
5.0,4.9945984
6.3279023,5.455958
5.5228786,5.00426
5.7212462,5.0099764
5.0,4.9944854
7.455932,7.954221
5.0,5.545394
6.0604806,5.269767
6.481486,5.8859158
5.0,5.018403
5.0,4.9967475
6.920819,7.254142
5.958607,5.6683946
5.008774,5.142433
5.2006593,5.135778
5.0,4.9854107
5.39794,5.0163207
5.0,4.991047
5.0,5.01359
7.7695513,5.867896
5.0,5.051837
6.7212462,6.638629
5.0,4.9984307
5.0,4.9894395
5.0,4.991023
5.0,4.997188
5.0,5.001177
5.0,4.991626
5.0,4.990447
6.853872,6.3811235
5.0,4.9962025
5.0,5.002534
5.1426673,4.9839487
5.0,5.0577545
7.481486,5.599443
5.0,4.9911327
5.7212462,5.000571
5.0,4.901828
5.0,4.9881797
6.552842,5.0236645
5.0,5.0393057
5.0,4.989854
5.0,4.9990683
5.0,5.011267
6.853872,7.4307423
5.0,5.0120816
5.0,4.9886556
5.0,5.1486053
5.0,4.996054
5.3565474,5.5549355
5.0,4.992747
5.0,5.0242333
5.0,4.9962735
5.0,4.995372
5.0,4.99072
6.958607,7.175789
5.0,4.9918118
6.4089355,6.958986
5.0,5.021491
7.79588,5.985753
5.0,4.990116
8.568636,8.15587
6.552842,6.545497
5.0,5.001633
5.0,4.9966183
8.823909,6.613082
5.0,4.9908695
5.0,4.9905715
5.0,5.0125895
5.0,4.995532
5.0,5.023247
5.0,4.996034
5.0,4.993489
5.0,4.99507
5.0,5.0312448
5.0,4.992528
5.0,4.9943647
5.0,5.626297
5.0,4.984654
5.0,6.9080086
5.0,4.9869003
5.468521,6.094606
5.853872,5.532673
5.0,4.9915004
5.0,4.9908123
7.1307683,7.708848
5.69897,5.6046634
5.0,5.001473
6.4436975,6.5503516
5.0,4.998064
5.0,5.4021034
5.0,4.9890466
6.6575775,7.205779
5.0,5.109207
5.0,5.165426
5.0,5.010381
5.0,4.9886613
5.0,4.998964
8.207608,8.016683
6.031517,5.7801085
5.0,5.0189433
5.0,5.817025
5.0,5.106168
7.236572,8.20697
6.0457573,6.197915
5.0,4.9871593
5.0,4.9871964
5.0,4.9510474
7.102373,7.2211847
5.0132284,7.400674
5.0,4.9945
5.0,4.9941006
6.1870866,5.645167
5.0,5.014311
5.0,4.999051
5.853872,5.786589
5.4317985,5.068098
6.3467875,6.8408117
5.0,4.9928093
5.0,4.990417
5.4202166,5.691302
6.39794,5.9946733
5.0,4.99889
5.0,4.9953594
6.5850267,5.7792587
5.0,5.6051025
5.0,4.9966283
5.0,4.9894624
5.0,5.9523067
5.0,4.989081
5.0,4.9904394
5.0,4.989599
5.7212462,5.5676026
5.79588,6.6666713
5.79588,6.1748557
5.0,5.069353
5.0,5.8430467
5.0,4.9936886
6.920819,6.707658
6.6575775,5.5311046
5.853872,4.992338
5.0,4.990401
5.6575775,6.086858
5.0,4.992451
5.0,4.994216
5.0,4.996765
5.0,4.9896502
5.39794,7.1205688
5.0,5.034817
5.0,5.5913653
5.0,4.995444
5.0,4.9907146
5.0,5.0114093
7.318759,6.8125134
5.920819,5.786216
5.0,5.0007925
5.0,4.997291
5.0,4.9890943
5.0,5.0054297
7.5086384,7.379467
5.0,4.970803
5.0,5.0108724
5.0,4.991337
8.585027,8.646715
5.0,5.003207
5.0,4.9940195
5.0,4.997481
5.0,4.9914374
5.8860564,6.0572166
5.0,4.9886622
6.2441254,6.7445498
5.0,4.991052
5.0,5.1813006
5.0,4.9930654
5.0,4.9896336
6.167491,6.602242
5.0,4.990731
5.0,4.9886208
7.075721,6.231167
5.0,4.989542
5.0,4.993239
5.0,4.993024
5.0,4.9932876
6.113509,6.1151752
8.0,6.45024
6.1191864,6.111265
5.0,4.996224
5.0,5.0898404
5.0,5.1760716
5.0,4.905433
5.5850267,5.944027
7.5850267,7.4448557
5.0,4.9918795
5.0,5.006545
5.0,4.9891706
5.229148,5.002397
6.275724,6.0714884
5.0,5.468858
5.0,5.002131
6.0,5.8952675
5.0,5.0131454
5.6382723,4.9901533
5.0,4.990202
5.0,4.8396173
5.0,4.9941907
5.0,4.9897823
5.0,5.0107756
5.0,4.9966135
5.0,4.9915075
5.0,4.9891334
5.0,5.008612
7.2676063,7.2421236
5.0,4.990663
5.0,4.990993
5.0,4.997149
5.853872,6.0022545
5.0,4.9938087
5.0,5.032153
5.0,4.9952855
5.229148,5.9695244
7.124939,7.133418
5.0,5.026281
5.0,5.1679773
5.0,5.001048
5.0,4.9921193
5.0,4.9951477
5.3467875,5.531185
5.0,4.9918613
5.0,4.991626
5.0,4.9801197
5.0,5.2422643
5.0,5.0193524
5.0,5.147592
5.0,5.0095196
5.0,5.311338
5.0,4.993489
5.0,4.992457
5.0,4.9885316
5.958607,7.052085
5.0,4.9920917
5.0,4.987801
5.0,4.991768
5.0,5.075587
5.0,4.999006
5.0,4.991102
6.167491,6.2201037
5.3565474,5.0481367
5.0,5.0023785
5.0,5.0305386
5.0,5.0200205
5.0,4.9953666
7.7695513,8.1192
6.5228786,5.514107
5.0,5.095971
5.275724,4.9964557
5.0,5.0157166
5.0,5.005712
5.0,5.0393066
5.0,4.969777
5.0,5.0196943
7.5228786,6.158019
5.0,5.0136023
5.0,4.9951515
5.0,5.118424
5.0,4.9916553
5.337242,5.0303187
5.0,4.9942613
5.853872,5.0228972
5.0,4.9882975
5.0,5.075857
5.0,4.9966264
5.0,4.9938993
6.6197886,6.5598607
6.0,5.300512
5.79588,5.208883
5.0,4.957055
5.0,4.9817753
5.60206,5.036113
5.0,4.988941
5.0,5.010329
5.0,4.9847064
5.0,4.994077
5.0,4.9773726
5.69897,5.7036343
5.0,5.61406
5.6575775,5.2699075
5.0,5.8307657
5.0,4.9794006
5.0,4.993838
5.2676063,5.008623
5.0,4.992932
5.0,4.9914627
6.309804,6.266274
5.5686364,5.995698
7.3665314,9.336986
5.0,5.029319
5.0,4.991209
5.09691,5.402874
6.154902,4.975163
5.1079054,5.993444
5.0,4.995495
5.0,4.9904346
5.29243,5.081274
5.0,4.998274
5.79588,5.422466
5.0,4.98268
6.3565474,5.221212
5.0,5.2256236
5.0,4.997455
5.0,4.9898615
5.0,5.0104127
8.408936,8.589281
7.60206,7.1435547
5.920819,6.264914
5.0,4.974472
7.124939,6.149355
7.154902,5.5783496
5.0,4.9929843
5.080922,4.9981904
5.69897,5.474598
6.7212462,6.186391
5.0,5.030245
6.4317985,5.043834
5.0,5.0760427
5.0,5.1368113
5.0,4.996876
5.0,5.129231
5.0,5.025456
5.0,4.9896426
5.0,5.2274013
5.0,4.982532
5.0,4.991793
5.0,5.0037603
5.0,4.9929466
5.0,4.9839616
5.0,4.993247
5.0,4.9885254
5.0,4.9924264
5.0,5.038903
5.0,5.0675244
5.0,4.997181
5.0,5.0221863
5.0,4.9936256
5.0,5.027329
5.0,4.992944
5.0,5.5156293
6.6575775,5.7326813
5.0,4.9935637
5.39794,5.6386404
5.0,5.0706334
5.7695513,5.076952
5.0,4.9933543
5.0,5.416408
5.0,5.827251
5.0,4.9921885
5.8860564,5.3353357
5.0,5.166009
5.0,4.991446
5.0,5.0010533
5.0,4.9915853
5.0,5.9964323
7.05061,5.817495
5.0,4.988654
5.0,4.990652
5.0,4.991401
5.0,4.989439
5.0,5.0006413
5.552842,5.166843
5.0,4.9888334
5.0,4.985151
6.823909,5.2305646
5.0,4.9910583
5.3665314,4.9983287
5.0,4.9915767
5.0,4.987036
5.0,4.9903727
5.0,4.994844
5.0,5.0005975
7.091515,6.419628
5.318759,5.6333766
6.6197886,6.6613836
7.102373,6.6442356
7.1426673,7.013937
5.207608,5.2999973
5.0,4.9985533
5.0,5.54729
5.0,4.991728
5.0,5.033229
5.0,5.0174336
6.161151,4.9857345
5.0,5.2393603
6.0655017,5.9415717
7.8860564,6.439897
6.4436975,5.4925075
5.0,4.9901214
6.5850267,5.0394783
5.0,4.992911
5.0,5.459003
5.0,4.9991755
7.004365,6.4310126
8.886057,8.329453
5.0,5.135865
5.0,4.988553
5.0,4.99113
6.30103,5.003035
5.0,5.271208
5.0,4.9965115
6.1487417,4.9889083
5.207608,5.277077
5.0,4.994811
7.318759,5.1189003
8.823909,8.589708
6.229148,5.8051205
7.1870866,6.6217513
5.0,4.996161
5.0,5.1425514
5.0,4.9947147
5.6382723,5.6022005
5.0,5.0692253
5.0,5.2443633
5.0,5.0376725
5.0,5.0569353
5.0,5.0641494
6.0457573,7.0393834
5.0,4.9903903
5.0,5.0458436
5.0,4.989399
5.3565474,4.9970527
5.853872,5.8171873
5.0,4.994596
5.0,4.990193
5.920819,5.099972
6.3279023,5.0168962
5.0,5.049447
5.0,5.092151
5.0,4.991709
5.0,4.990416
5.0,5.064998
5.0,4.99611
5.0,4.9974413
5.0,4.988933
5.0,5.5195117
5.0,6.368103
5.0,4.974765
5.0,4.987024
5.7212462,5.0042486
5.0,4.993752
6.113509,6.957377
5.0,4.991665
6.3665314,5.86348
7.318759,6.66086
5.0,4.9877005
5.0,4.990911
5.0,5.12441
7.0,6.9378543
5.0,4.9868774
5.0,4.9906635
5.920819,5.8171873
5.0,5.021106
5.0,5.002195
5.0,4.9916334
5.0,4.9937677
5.552842,5.057026
5.0,5.0049415
6.4436975,6.8573017
6.5686364,4.990678
5.0,4.98874
5.823909,5.139596
5.0,4.9473696
5.0,4.989664
5.0,4.9905996
5.0,4.989566
6.124939,6.1854386
5.0,4.9911485
5.0,4.987258
5.0,5.0039887
5.0,4.9937134
6.6777806,6.2350073
5.0,5.0069923
6.008774,5.960265
5.0,5.137429
5.823909,7.2696047
5.0,5.0337486
5.0,5.030589
6.19382,5.5194607
5.0655017,5.2454853
5.823909,5.7552767
5.0,5.0948896
7.070581,6.921052
5.0,5.00986
5.0,4.991653
5.0,5.0072713
5.0,5.7317047
5.0,5.161791
5.853872,5.0980906
5.0,5.0006185
6.3279023,5.4293323
5.0,4.979138
6.0,5.4051323
5.0,5.0583577
5.0,5.0643377
7.19382,6.6908636
5.0,4.9866986
5.0,4.9910097
8.408936,7.157756
5.0,4.9963675
5.0,4.992968
5.0,4.990717
5.0,4.9878535
5.3565474,5.45353
5.0,4.9919043
5.0,4.990385
6.6382723,6.398899
5.7695513,6.1586757
9.568636,6.9007797
7.5228786,7.175789
7.180456,7.108368
5.0,4.9885087
5.0,5.0709686
5.0,5.0779214
5.0,4.9846935
5.0,4.992886
5.0,4.9881225
5.0,4.995951
5.0,5.001785
5.0,5.1141586
5.0,4.995179
5.0,5.3621616
8.055517,6.4595003
6.4317985,6.6340046
7.853872,7.7231455
5.5686364,5.0262856
5.823909,5.33671
5.920819,5.4443254
7.4436975,7.473549
5.387216,4.9884377
5.7447276,5.6016245
6.8860564,6.720916
5.207608,5.1141586
7.309804,6.624552
6.7447276,5.4896107
5.0,4.9886208
5.0,5.0468335
5.0,4.9910893
5.0,4.99034
5.0,5.1889834
5.7212462,4.998093
5.0,4.988269
5.0,4.9916935
5.0,5.03594
6.031517,6.1398773
5.0,5.103952
5.0,4.9944677
5.455932,5.154421
5.0,4.9962907
5.0,5.0494375
6.008774,5.3241673
8.376751,7.962754
5.0,5.020554
5.0,4.9949684
6.0409584,5.4843545
5.0,4.993138
5.0,5.528978
5.0,4.9099145
5.0,5.2799296
5.0,4.9985585
5.0,4.9914756
5.0,4.9804897
5.7447276,5.075975
5.0,4.996904
5.0,4.986332
5.0,4.9933724
5.0,4.984654
5.0,4.9942293
5.0,4.9935646
5.0,4.9897337
5.0,5.007107
5.0,5.3170085
5.0,4.97272
5.79588,5.02865
5.0,4.9879746
5.0,5.0621676
5.7447276,5.5059514
5.0,4.990643
7.920819,6.844521
6.6197886,6.1785846
5.0,5.073073
7.2441254,6.9663424
5.075721,5.0237236
5.6777806,5.9716187
5.0,4.9925456
5.0,4.9884114
5.0,4.996368
7.7212462,8.037231
5.0,4.9942245
5.0,5.044605
5.0,4.995431
7.79588,6.0517564
5.0,5.001626
5.0,4.9916778
5.0,4.9948406
5.0,4.981041
5.0,5.2094874
5.0,4.9922223
5.0,5.0348754
5.0,5.0685263
5.0,4.996537
5.49485,5.173255
5.0,4.9989114
5.0,4.990371
7.2006593,6.4978223
5.39794,5.2539682
6.8860564,5.328957
5.0,5.0036654
6.481486,5.858887
5.0,4.995849
7.69897,7.927623
5.0,5.0038233
5.0,5.005199
5.0,4.990113
5.0,4.989655
5.0,4.99318
6.5850267,6.390918
7.853872,7.5970945
5.0,4.9873586
5.0,4.9919343
5.5086384,5.1164536
5.0,4.9930687
7.5686364,7.2767453
5.0,4.9917808
5.0,4.9987044
6.2676063,5.87891
5.0,4.993871
5.552842,5.9304485
5.0,5.0045695
5.853872,5.5743084
5.0,4.9925437
5.0,4.9883833
7.853872,7.4532356
5.0,4.9611063
5.0,5.0798965
5.0,5.270685
5.0,4.9909797
5.0,5.796769
5.0,5.0240617
5.0,4.9895663
5.0,4.994837
5.0,5.0044274
5.0,4.9461584
5.0,5.3059373
9.031517,8.095294
5.0,5.0521836
5.0,4.988639
5.0,4.9898186
6.167491,5.763052
5.0,4.9927077
5.0,4.9911017
5.0,4.9904976
5.0,4.9927106
5.0,5.0017023
5.920819,6.159932
5.0,4.9986253
6.5850267,6.5232573
5.8860564,7.676548
7.6382723,6.2720256
5.7212462,5.9857583
5.0,4.996909
5.0,4.994562
6.958607,6.6663175
5.0,4.98944
5.0,5.2883387
5.0,4.9823656
5.481486,4.9972324
5.0,4.9935646
5.0,4.9940386
5.0,4.993521
5.387216,5.249841
7.7447276,8.08827
5.0,4.9924774
5.6382723,7.070569
5.552842,6.990373
5.0,4.991698
5.0,5.0102453
5.0,4.990524
5.0,4.9927297
8.568636,7.5739665
5.0,4.99404
5.0,5.463779
5.0,4.9946833
5.0,5.22561
5.0,4.989927
5.0,4.9929214
5.0,4.9818597
6.69897,7.819538
5.0,5.2777057
5.0,5.014776
5.0,5.008879
5.0,4.9324718
6.468521,6.0028286
5.0132284,5.268371
5.0,4.9894166
5.0,4.9925103
7.7447276,5.9386053
5.49485,5.5251985
5.0,5.0093465
5.0,5.038694
5.853872,5.2863975
5.49485,4.990787
5.0,4.9910226
5.0,5.017181
5.0,5.1595325
5.0,4.9555817
5.0,5.302731
5.0,4.9807467
7.387216,6.7788224
8.05061,5.1631207
5.05061,5.251816
7.086186,7.757416
5.958607,6.7351246
5.0,4.99179
5.0,4.9647703
5.0,4.995035
5.0,4.9180408
5.0,4.9849324
5.0,4.9876003
8.366531,7.651759
5.0,4.996457
6.853872,7.594168
5.0,5.072608
5.0,4.9881473
5.0,4.990406
5.0,4.990404
5.853872,5.1681333
5.0,4.9849706
5.3467875,5.0688853
5.0,4.931749
5.0,4.993931
5.0,5.0004115
6.69897,5.799349
5.0,4.988332
5.0,5.0087876
5.0,5.045358
5.0,5.025228
5.0,4.9912963
5.7212462,5.8071246
6.236572,5.08218
5.0,4.9708753
5.0,5.009539
5.0,5.0689216
7.251812,6.4948263
5.0,4.9912186
6.69897,5.6415424
5.0,4.9885
5.0,4.9926615
5.0,4.997145
5.0,4.9851136
5.0,4.9942613
5.0,4.964722
5.468521,5.018054
5.0,4.992655
5.0,5.0011506
5.0,4.993561
9.080922,8.210341
5.0,4.9909945
5.0,4.99193
5.0,4.997485
5.0,5.39799
6.6575775,5.7939644
5.0,4.9980536
5.0,5.0346837
5.0,5.08904
5.0,4.9902005
5.0,4.9902043
5.0,5.124288
5.5686364,5.443341
5.1739254,5.3665786
5.0,4.986237
5.0,4.9980145
9.259637,8.489706
6.2596374,6.2184477
5.0,5.0343256
5.0,4.98744
5.0,5.006129
5.958607,5.08434
8.055517,5.8231835
5.0,5.004661
5.0,6.583091
5.5686364,5.969129
5.0,5.002328
5.0,5.875054
5.4089355,5.0162325
5.0,4.994979
5.0,4.972202
6.4089355,6.6053414
5.0,4.993665
5.0,5.085268
6.3467875,6.2056093
5.0,4.9926853
6.853872,6.8927884
5.0,4.990868
5.0,7.045551
5.920819,5.2331667
6.537602,5.460493
5.0,5.1429563
5.0,4.9878983
6.251812,6.0763454
5.0,4.9910626
7.0409584,6.503813
6.4202166,9.336986
5.0,4.984654
7.7447276,7.2076635
5.2441254,5.9582705
5.008774,5.0516825
5.0,4.9896054
5.0,4.9961686
5.0,4.9920278
5.0,5.0012965
5.0,5.007561
5.0,4.9865804
6.7212462,4.980573
5.0,4.9901533
5.0,5.0545583
5.0,5.010159
5.0,4.9910407
5.0,4.927595
5.0,4.9902244
5.0,5.300537
5.552842,4.993362
5.0,5.0992255
5.0,4.989406
6.60206,5.079465
5.0,4.98994
5.0,4.9917326
5.0,5.00002
5.0,4.996804
5.0,5.073206
5.0,4.9952083
5.0,4.9920516
5.0,5.061734
5.0,4.9803114
5.0,5.2383337
5.0,4.99085
5.0,4.9897175
5.0,5.0730286
5.0,5.0034065
6.6197886,6.094606
5.0,4.987456
5.0,5.0030904
5.39794,5.2734404
5.0,4.9911847
5.275724,5.064033
5.0,4.9923058
5.0,4.992152
5.0,4.988331
5.0,4.9890623
5.0,5.009539
5.0,6.750234
6.4202166,6.7629056
5.0,4.9912376
5.0,5.0017242
7.5086384,7.4712152
5.0,4.9995193
5.0,5.0294127
5.0,4.9902225
5.0,4.9909887
5.0,4.990991
6.6777806,6.909161
5.0,4.9649787
5.0,4.993739
8.49485,8.292713
5.0,4.9770446
5.0,4.9902377
5.0,5.47534
6.0604806,5.32652
5.0,4.989001
5.0,4.9994183
5.0,4.990868
5.0,5.124472
5.0,7.3242655
5.0,4.992932
7.7447276,6.1726303
5.102373,5.157059
5.0,4.982869
6.823909,8.013683
5.0,4.9871435
5.0,4.9836287
5.0,5.0232453
5.0,4.9951963
5.026872,5.492824
7.5228786,7.1388097
7.1870866,6.363456
5.0,4.99292
5.0,5.0183063
5.0,4.9765553
6.6575775,5.6472034
5.0,5.1112294
6.5686364,6.2061634
5.0,4.991506
5.0,5.0065184
5.0,4.9925413
5.0,4.991734
5.0,4.9937115
7.5686364,6.516922
5.251812,4.9877286
5.0,5.082395
5.0,5.264497
5.0,4.9931097
5.0,4.994177
5.0,5.0456862
5.0,5.2608504
5.0,4.985081
5.537602,4.9904976
5.0,5.040185
5.0655017,5.0522623
5.161151,7.070569
5.207608,6.478179
5.0,4.991169
6.6575775,6.335493
7.8860564,7.858696
5.0,4.995346
5.0,5.0055084
5.5086384,5.6225023
6.4089355,5.218091
5.0,4.992038
5.0,4.9919643
5.0,5.1020007
5.6777806,5.507548
5.0,4.992076
5.2441254,5.035609
6.5850267,6.489746
5.0,4.993145
5.070581,5.4078608
5.0,4.99179
5.309804,4.9916797
5.0,4.992906
5.0,4.9926023
5.0,4.991673
5.0,5.0593414
5.0,5.0063963
5.0,5.0064416
5.0,4.991997
5.6777806,5.0137353
5.853872,6.0421576
6.7447276,5.55413
5.0,4.9863987
5.0,4.9899364
7.6777806,7.306909
7.080922,5.263202
5.0,6.1553335
5.0,5.8558
5.49485,6.222077
5.0,5.068259
6.0409584,5.244468
5.0,5.0023136
5.0,4.993013
5.0,4.9984117
5.0,4.9938827
5.0,4.9901958
5.3665314,5.8204064
5.4317985,5.9691844
5.823909,5.795642
5.0,4.9886045
5.0,4.99606
5.0,6.129245
5.823909,5.713974
5.0,5.2449245
5.958607,5.0591254
5.0,5.0303397
7.853872,5.001886
5.0,4.9912767
5.0,4.96995
5.0,4.9947386
5.0,4.9923277
5.0,5.00054
6.5850267,5.4581957
5.0,5.0326695
6.7695513,6.395773
5.8860564,5.143929
5.0,5.0610757
5.0,4.988728
5.0,4.9902563
5.49485,5.1672263
5.0,4.991352
5.0,4.9821897
5.0,4.9935036
8.0,7.4307423
5.958607,6.4601927
5.0,4.997483
5.6575775,5.28475
5.0,4.9919906
5.0,4.997093
5.0,5.0117183
5.0,5.0019374
5.0,5.4460235
6.1739254,6.603816
5.0,4.974828
5.0,4.9945
6.7447276,5.796769
5.0,5.1328115
5.0,4.9887137
8.568636,7.5693684
5.0,4.990536
5.0,5.696473
5.0,4.993617
5.0,5.151384
5.0,4.988709
5.0,5.093109
5.0,4.9881015
5.2676063,5.138871
5.0,4.9933434
5.0,4.999427
5.5228786,5.915826
5.4202166,5.977478
5.0,4.991693
5.0,5.0736904
5.0,4.9999046
5.0,4.9947844
5.0,4.9933214
8.420217,6.269483
5.0,4.9899297
5.0,4.99133
5.0,4.9874935
5.0,4.988542
5.0,5.1269765
5.0,5.0043364
5.0,5.0303426
5.1191864,5.6485753
5.0,4.9911447
7.7695513,8.476014
5.0,4.9906416
5.8860564,5.1937785
5.0,4.9991674
6.2006593,5.077107
5.0,5.002328
5.4202166,5.3482733
5.0,4.9920526
5.0,4.995449
5.0,5.0031796
7.075721,6.6954865
5.0,5.005767
5.0,5.4313183
5.0,4.9878764
5.3279023,5.1675982
6.229148,5.1066165
5.0,5.0473185
5.0,4.987928
5.0,5.0682087
5.7695513,5.0170574
5.0,5.105419
5.0,5.045413
5.0,6.5717964
6.6575775,6.1412334
5.0,5.097424
8.823909,7.804507
5.0,4.9906526
8.0,8.277904
5.0,5.0022993
5.0,4.9932036
7.251812,8.283864
5.0,4.9945593
5.0,5.009415
5.161151,5.722622
5.0,4.98162
5.0,4.987185
5.0,5.028751
5.0,4.944599
6.4202166,5.9173355
7.853872,7.2421236
5.0,5.0132165
5.0,5.0612597
5.0,4.9940305
7.552842,6.511999
5.0,6.0674
5.0,5.012513
5.0,5.2059555
5.0,5.0111833
5.0,5.289893
6.29243,5.311999
5.0,4.9916725
5.0,4.989363
5.0,4.995688
5.0,5.0846324
5.0,5.0084105
5.0,5.057586
5.0,4.9904194
5.0,4.988813
5.0,4.989845
5.017729,4.990622
5.0,6.2221146
5.0,4.9959083
5.0,5.0687804
5.0,4.9881945
6.004365,5.5679674
5.0,4.996179
5.0,4.993593
5.0,4.993427
5.0,4.992328
8.236572,8.1566305
7.180456,6.820348
6.309804,7.026908
5.0,5.490254
5.0,4.9966006
5.0,4.9908957
5.0,5.004277
5.0,5.002934
5.0,5.0096216
7.3279023,7.5672235
5.823909,4.992045
5.0,5.6727686
7.275724,6.7826347
5.0,4.9928465
6.79588,6.9595284
5.853872,8.007149
5.0,4.990712
5.0,4.99554
5.4317985,5.986391
5.0,5.002183
5.7695513,5.641696
5.481486,5.2492256
5.69897,5.0968857
5.0,5.000999
5.0,5.225032
5.0,4.9883065
8.49485,8.253065
5.0,5.0228157
5.0,4.989818
5.6575775,7.1166
10.619789,9.314831
5.0,4.9931636
5.0,4.991594
5.0,5.2444353
6.4317985,6.665408
5.0,4.999739
7.1487417,7.2942963
7.8860564,7.679094
5.0,5.2607694
6.6777806,6.0157623
5.0,5.020714
5.0655017,5.0650687
5.0,5.0018525
5.0,5.4893413
5.0,4.9901237
5.0,4.9903336
5.0,4.991667
5.0,4.993833
5.0,4.990533
7.1307683,6.516511
5.958607,5.406303
5.0,4.9868274
5.60206,5.339305
6.4436975,7.5672235
5.0,5.001785
5.0,5.0497446
5.0,5.0463495
5.0,4.995115
5.0,4.9996824
7.1426673,6.5777926
5.0,4.956133
5.0,4.996417
5.0,4.997803
5.0,4.967963
5.0,4.9928255
6.3279023,5.505787
5.0,5.0002046
5.207608,5.1165123
8.408936,8.747896
5.0,4.991337
5.318759,5.967322
5.5086384,5.2183914
5.0,4.9852366
5.0,4.9922857
5.0,5.3851514
5.0,4.9887815
5.0,5.0254188
6.6575775,7.228988
5.0,4.9947333
5.0,5.0342307
9.327902,8.705476
5.0,5.1728373
5.0,4.990018
5.3565474,7.002101
5.8860564,5.948844
5.0,4.9942646
5.0,4.9919186
5.0,4.999303
5.0,4.98828
5.3565474,5.1537457
7.823909,8.145695
5.0,4.99075
5.0,4.9973526
5.0,4.9478827
5.0,4.995754
5.0,4.9898767
5.0,5.0298333
5.69897,5.15127
5.0,4.9946837
5.0,4.997222
7.8860564,6.7276134
5.0,4.9886775
5.0,4.998266
5.0,5.278574
5.0,4.9907346
5.0,4.9805226
8.080922,6.433184
5.0,4.989541
7.7212462,7.97761
5.0,5.7026587
7.823909,6.73604
7.008774,6.8177624
7.30103,7.927623
5.0,4.9951057
6.7212462,7.0052156
5.0,5.0054646
5.0,4.998322
5.0,5.098724
5.0,5.0159483
5.207608,5.6643567
7.853872,7.777137
5.0,5.011901
7.2676063,7.2336736
5.0,4.96954
5.0,5.066075
5.0,4.9894915
7.0,6.0900393
5.0,5.0036206
5.0,4.999543
5.8860564,5.056159
5.0,4.9890156
5.0,4.997876
5.0,5.0353928
5.30103,5.1095243
5.0,4.9911346
6.853872,6.572754
5.0,4.9967303
5.0,4.889102
5.0,4.992094
5.0,5.047797
5.0,5.008901
5.0,4.986135
5.0,5.1380277
5.0,4.99603
5.0,5.006158
6.09691,5.054375
5.0,4.990567
5.0,4.9882975
5.0,4.9944525
5.0,5.0299287
5.1739254,6.40741
6.537602,7.1743984
5.0,5.311555
5.0,4.992889
6.236572,5.641738
5.0,4.996913
6.853872,5.284566
9.387217,9.336986
6.39794,5.0005336
5.0,4.9905763
5.0,5.401494
5.0,4.993853
5.0,4.997093
5.0,4.988244
5.0,4.9953623
5.0,4.9893465
5.3665314,5.6151443
5.0,5.5523553
5.0,4.9722714
6.387216,7.8699694
5.0,4.988968
7.0457573,6.410743
5.0,6.968382
5.0,5.002703
5.0,5.034257
5.0,5.0104995
5.0,5.001853
5.0,4.991287
5.5086384,5.491888
5.0,4.9968767
5.8860564,6.3736057
5.0,4.998653
5.0,4.9961967
5.0,4.989689
9.408936,7.384317
5.0,4.9899225
5.0,4.999984
5.5686364,5.064812
5.0,4.9951844
5.5850267,5.1046696
5.0,4.9763656
5.0,4.991518
5.0,4.989495
7.5086384,8.095294
5.468521,5.6709857
5.0,4.991597
5.4317985,5.246424
6.102373,5.937977
5.0,4.988894
7.30103,5.792757
6.4436975,6.964207
5.0,4.9906306
5.0,4.997179
5.0,4.993999
5.0,4.9898663
5.0,4.9891143
5.0,5.0319285
6.376751,6.793228
5.154902,5.6283135
5.0,4.9939938
5.823909,5.3159814
5.0,4.995105
5.0,4.98913
5.0,4.9996867
5.0,4.9915705
6.853872,6.4319468
6.920819,6.767336
5.0,4.9916267
5.5686364,4.9976997
6.69897,5.5679674
5.0,4.994463
6.5228786,5.008627
5.0,5.00305
5.69897,5.7657847
5.0,5.023137
5.0,4.9930463
5.0,4.993386
5.0,5.0030646
5.0,5.0345683
5.5686364,4.98739
5.0,5.201804
5.0,4.988262
5.0,5.674017
5.69897,5.671385
6.207608,5.6301575
5.0,5.0249457
5.2441254,5.381158
6.823909,7.246533
5.0,4.928635
5.8860564,5.243885
5.0,5.239098
7.3467875,6.865616
5.0,5.026605
5.0,4.995146
5.0,4.988646
5.0,4.994216
5.0,5.2317166
5.6197886,5.339469
5.0,5.00136
5.0,4.98987
5.0,5.128596
5.0,4.9975667
5.0,4.7857614
6.6777806,6.083015
5.0604806,5.5202675
5.0,4.9961944
5.0,4.931346
5.0,4.9905996
5.0,4.998435
5.0,4.989759
7.229148,6.4978223
5.0,5.0763364
5.0,5.055255
5.0,5.1145377
5.0,5.289548
5.823909,6.0912123
5.0,4.98874
6.853872,6.5084777
5.0,4.993388
5.0,5.077663
6.7695513,7.1590466
7.552842,6.619972
5.0,4.981744
5.0,5.2540064
5.0,5.0233097
5.387216,5.1262527
7.4436975,7.6257133
5.0,4.997481
5.0,4.997976
6.69897,6.758832
7.6777806,7.238572
5.920819,6.176676
6.1739254,5.609349
5.0,4.989947
5.0,4.9916296
5.0,4.9962335
5.0,4.9573
5.0,4.9952555
5.0,4.9968824
5.0,4.9894605
5.0,5.0257072
5.0,4.990865
5.0,5.0531697
5.0,5.197877
5.5686364,5.3810005
5.0,4.9891043
5.0,5.0002937
5.0,5.0012608
7.79588,6.8598537
5.0,5.0918527
6.4317985,6.044342
7.2839966,5.803316
8.619789,7.798834
5.0,5.051267
5.0,4.992708
5.0,4.990821
5.0,5.709521
5.0,4.9951057
5.0,4.990807
5.0,5.050652
5.0,5.270771
5.0,4.9936852
5.0,4.990336
5.0,5.115854
5.0,5.045788
5.0,5.011393
5.0,4.9930296
5.0,4.996045
7.221849,8.08827
5.0,5.498606
5.0,5.334371
5.0,5.0934405
5.69897,5.6355295
5.0,5.0494127
5.920819,5.74047
5.0,5.045788
5.167491,5.070375
5.0,4.9902453
8.180456,7.037385
5.0,4.9849014
5.0,4.9918504
5.0,5.136085
5.0,4.9962115
5.0,4.99208
6.080922,5.0073724
5.0,4.9906645
7.19382,6.64115
5.0,4.9987116
6.236572,5.6194687
5.0,4.973557
5.0,4.9978886
5.0,4.9893003
5.0,5.1058555
6.958607,5.300233
5.0,4.9775734
5.0,5.090702
5.0,4.974143
5.6382723,5.2547092
5.0,4.9891887
5.0,4.990955
5.0,4.987664
5.0,5.4625254
5.920819,5.530369
5.1739254,5.3900833
5.0,4.993203
5.0,5.0005913
5.0,4.9984155
5.0,4.975214
5.1739254,5.6597104
5.0,4.989318
5.0,4.9937105
5.8860564,5.8944
5.0,4.9913797
5.0,4.9906316
5.0,5.0009546
5.0,5.0356207
5.0,5.466078
5.0,4.987958
5.0,4.9915724
5.0,4.9960303
5.0,4.991055
5.7695513,5.3400497
5.0,5.088088
5.0,4.9891973
5.0,4.9900527
5.0,4.989067
5.0,4.992063
5.0,5.1200476
5.0,5.300374
5.0,5.058313
5.0,4.9901357
6.537602,6.822374
9.008774,8.809986
6.1870866,5.6327677
5.3665314,5.4733667
5.0,5.0032167
5.0,4.996611
5.823909,5.662532
5.0,4.984654
5.552842,4.9907503
5.0,4.98709
5.0,4.9903674
5.0,5.282111
5.7447276,6.6137357
5.0,5.2514143
5.0,4.9973316
5.0222764,4.975379
7.1487417,6.674446
6.318759,6.6913595
5.0,4.9874873
5.0,4.9939938
5.0,4.9990206
5.0,4.991461
7.7447276,7.4532356
5.0,4.990942
5.0,4.98488
5.0,4.989903
5.0,5.826185
6.455932,5.974025
5.0,4.997467
5.0,5.0004454
5.0,5.018211
5.0,5.008097
5.0,5.0550237
5.0,5.138294
5.0,4.9926677
5.0,4.9908037
5.0,4.998725
5.0,4.989739
5.0,5.7932806
5.0,4.9903092
5.0,5.0007777
5.0,5.0053725
5.0,5.0012274
6.853872,7.104502
5.0,5.002665
5.0,4.987903
5.0,5.0101633
5.0,4.9941053
5.0,4.991791
7.3565474,6.7727795
5.0,5.386483
5.1079054,4.9927893
6.6197886,6.744047
5.0,4.9894266
5.0,4.991759
6.4202166,6.03542
8.29243,6.0830154
5.481486,5.322086
5.0,4.9919043
5.4089355,4.9912386
6.468521,8.69122
5.0,4.9930453
5.0,4.997061
5.6197886,5.0124674
8.387217,7.709896
7.7447276,6.702049
5.4089355,5.106884
5.0,4.9947677
5.0,5.000173
7.21467,7.200997
5.0,4.990863
5.0,5.013205
5.0,5.2775364
5.0,4.9926047
5.0,4.9968767
5.0,4.996742
5.0,4.9973936
5.0,4.9967146
5.0,5.4101224
5.0,4.9963274
6.161151,6.054118
5.0,4.9900875
5.0,5.106521
5.0,4.9864883
5.0,5.368796
5.0,4.994151
5.0,5.0020185
5.0,4.986199
5.0,5.001401
5.3565474,5.108855
6.2441254,5.4829507
5.0,4.9923835
5.0,4.993297
6.552842,5.5932884
6.5686364,7.542059
6.0,7.465865
5.0,5.2935667
7.455932,7.1757894
5.0,4.999581
5.0,5.120164
5.0,5.192459
10.408936,8.279306
5.0,5.0012455
5.0,4.996457
5.0,4.993981
5.0,5.0079985
5.0,4.9902897
5.7447276,5.356942
5.0,4.987682
5.0,5.0527387
5.0,4.9903255
5.0,5.0237813
5.0,4.99599
5.0,4.9922476
5.1739254,5.017129
8.6575775,8.520649
5.0,5.165078
7.39794,7.5394974
5.0,4.99629
7.4089355,6.7927666
5.0,5.0069714
5.0,5.9385977
5.0,5.003332
10.49485,10.221139
5.0,5.2669187
5.0,4.9900084
5.0,5.1625185
5.309804,5.9346313
5.0,6.8814898
5.0,5.0077314
5.0,5.502973
5.0,4.99258
6.60206,6.216524
5.0,4.9922476
5.0,5.033555
5.0,4.9930863
5.0,4.9916472
5.0,4.970538
5.0,4.993434
5.0,4.993148
5.1426673,4.994007
5.0,4.9885736
5.0,4.9923058
5.0,5.0002937
5.0,4.99073
5.0,6.2713065
5.3279023,4.9913316
5.3467875,5.165894
7.2676063,6.074273
5.0,5.0006933
5.3467875,6.3765626
5.0,4.885127
5.0,4.991449
5.0,4.9936094
5.0,4.9925437
8.008774,5.8231835
5.5850267,5.0105524
5.0,4.9837446
5.0,4.992922
7.823909,7.3253565
5.0,4.9877543
5.0,4.9976554
5.0,4.9937463
5.0,5.001955
5.0,5.104282
5.0,4.987024
5.0,4.972292
5.0,5.5580397
5.0,5.0224395
5.0,4.9982467
6.6197886,6.872812
5.0,4.987463
6.080922,5.994966
5.0,5.474425
5.0,5.0013638
6.552842,6.3791265
5.0,6.558011
5.0,4.9888487
5.0,4.9990015
5.0,4.9943867
5.0,4.9934974
5.0,5.0040812
5.0,5.020378
5.0,4.992224
5.0,4.9542255
5.0,6.0855665
6.008774,5.5057235
5.0,4.996119
5.0,4.989654
5.0,4.9908648
7.7447276,7.7231455
5.0,4.990965
7.8860564,6.4092507
6.7212462,5.510499
6.0132284,6.2146444
5.0,5.041477
8.309804,7.630806
5.0,4.998805
5.0,5.70854
5.1191864,5.6759973
5.0,4.989717
5.0,4.9892254
6.070581,5.567657
5.0,4.9915147
5.0,4.9944696
5.0,5.0197186
5.0,4.9904547
5.0,5.0060406
5.6382723,6.044882
5.0,8.170234
5.0,5.004602
8.60206,7.6730356
5.0,5.0061336
5.0,4.996347
5.0,5.1642404
5.79588,5.7484694
8.823909,8.667287
5.0,4.992236
6.09691,5.8584433
5.0,5.0064235
5.0,5.0036964
5.0,4.991538
5.0,5.088869
5.387216,5.0169287
5.0,4.9905167
5.0,4.989397
5.4089355,5.4321194
5.0,5.0798864
5.0,4.9922786
6.236572,5.200449
5.0,5.120164
5.0,5.0258746
5.0,4.993145
5.0,4.993627
5.309804,5.445681
5.0,4.995563
7.7695513,7.306206
5.0,5.0051084
7.4089355,8.08827
10.065501,9.889249
5.0,5.5465713
5.0,5.0044627
5.0,4.9906006
5.376751,5.115807
5.0,4.9938965
5.0,4.9906044
5.0,4.980621
6.39794,7.706647
5.0,4.99704
5.920819,4.995943
5.0,5.2807417
5.0,4.9943514
5.0,4.992528
5.0,5.2884574
5.0,5.246467
5.0,4.9720974
5.167491,5.269635
5.0,4.990872
5.0,5.044512
5.0,5.146054
5.0,4.9942284
5.0,5.015025
5.0,4.98878
5.0,4.9904184
6.1426673,5.8647327
8.744727,7.465865
5.0,4.9906487
5.8860564,6.4050655
5.0,5.0140896
5.0,5.1161003
5.0,5.023356
5.0,5.0281496
5.0,5.096428
5.0,6.210624
5.275724,5.1111617
6.036212,6.195126
5.0,4.990726
5.920819,5.5731144
5.5850267,6.613082
6.236572,6.5122375
5.0,4.989667
5.0,5.1783566
5.0,4.990239
5.920819,6.284956
5.0,4.9767466
5.0,5.03073
5.0,4.9905624
5.0,5.0077443
7.008774,6.025145
5.7212462,5.3661547
6.552842,6.1398773
7.3665314,6.789163
5.0,4.9917474
5.0,4.989031
5.0,4.9894214
7.0,7.0104146
5.0,5.003687
6.6382723,6.3834476
5.0,4.997188
5.0,5.0224657
5.2839966,5.9376855
6.1739254,7.157756
6.823909,5.768539
5.0,5.0055428
5.0,6.5590253
5.552842,5.250387
5.0,5.0138626
5.0,5.0213885
5.0,4.9930043
5.0,4.9972186
7.537602,7.5739665
5.0,5.1237974
5.920819,6.7116575
5.19382,5.079009
5.7695513,6.0896406
5.0,4.9966965
7.79588,7.261305
5.0,4.98885
5.0,4.995238
6.823909,6.586509
5.0,4.9891205
5.0,4.9900794
5.0,5.124405
5.0,4.9918303
6.2596374,6.242956
5.0,4.9910583
6.2006593,6.3966804
5.0,5.02879
5.0,4.995399
5.0,5.001932
5.0,4.981555
9.19382,7.97761
6.5850267,6.312682
5.0,4.9941916
5.0,5.0089493
5.0,4.9921184
5.0,4.993489
5.0,5.6071672
5.0,4.993593
5.0,4.9929237
6.4317985,6.3198924
5.0,5.310207
5.0,4.9957047
5.0,4.9906044
5.0,5.005608
7.8860564,6.1690235
5.0,4.9959445
5.0,4.9987698
5.0,4.9903655
5.0,4.993858
5.0,4.9967737
5.69897,4.993888
5.0,4.996042
5.0,5.0764666
5.0,5.002907
5.0,4.9900975
5.0,4.990677
5.0,4.9911394
5.0,4.995717
5.0,6.2846193
5.0,4.992395
6.2676063,5.795363
5.0,4.991466
5.0,4.99873
6.5850267,6.0565486
5.0,4.985259
6.6382723,6.667505
5.0,5.0207725
5.0,4.988745
5.221849,6.269333
6.207608,5.962888
5.0,5.0284443
5.0,4.9963007
5.0,5.032963
5.29243,5.587738
6.481486,6.8747163
5.0,4.990765
5.0,4.999549
5.0,4.991402
5.958607,6.1020813
6.026872,4.9744463
7.3565474,6.40325
6.102373,6.176676
5.0,5.0508475
5.0,4.997415
5.0,4.995682
5.0,5.0241137
5.0,5.4212174
5.0,4.993424
5.0,5.3360186
5.0,4.9906154
5.0,4.9931636
9.69897,9.638582
5.0,4.9981914
7.853872,7.4230146
5.0,5.050619
8.522879,8.262456
8.958608,8.767769
5.0,4.990903
5.0,4.9983478
5.0,4.984654
7.229148,5.737225
7.920819,7.4532356
5.0,4.9999094
5.0,5.6373844
5.0,4.9951334
5.236572,5.1473227
6.0132284,6.505782
5.0,5.014326
5.0,5.002328
6.5850267,5.021902
5.0,4.989621
6.0,5.5195117
5.0,5.149827
5.0,6.832761
5.6197886,5.9099827
5.0,4.9886165
7.251812,6.465841
5.5850267,5.9531875
5.0,5.2295218
5.0,4.9894223
5.0,5.0158606
5.221849,6.1086626
6.318759,5.4510336
5.920819,5.238037
5.49485,5.0602264
5.0,4.9941006
5.0,5.0312696
5.0,4.9936175
5.0,4.9797378
5.0,4.9911466
9.004365,8.567868
5.229148,4.9748635
5.0,4.990513
5.0,5.009212
5.0,4.9957886
5.0,4.999435
9.036212,8.33168
5.0,5.5965414
6.7212462,6.0711985
5.0,5.059468
5.0,4.9772663
5.0,4.989313
5.5686364,5.0709634
5.79588,5.7422686
5.0,4.9975166
5.0,5.0010314
7.6777806,7.4359374
5.0,4.994076
5.0,4.9169865
5.0,6.179984
5.0,4.99076
5.0,5.00322
5.0,5.0015116
5.0,4.9922614
5.2596374,5.056798
5.0,5.1141586
5.0,4.9929566
5.0,5.044883
5.0,4.9924207
5.920819,5.091849
5.0,5.002271
5.0,4.985394
5.0,5.0164666
5.0,4.9901414
5.0,4.993063
5.0,4.9899797
5.0,4.9920616
5.0,4.9931374
7.0604806,7.5048695
7.2839966,7.2421236
5.0,4.9874916
6.091515,6.2010956
5.6575775,6.5405474
5.0,4.991289
5.0,5.021292
5.0,4.9931636
5.0,4.996097
5.0,4.9938087
5.7447276,6.063505
5.0,4.993179
5.0,4.991199
5.6777806,5.283264
5.69897,5.8938255
5.0,4.989021
6.6777806,6.9550095
5.5086384,6.4620037
5.0,5.006556
5.920819,5.9099827
5.455932,5.9376855
6.920819,6.4215245
9.070581,8.54212
5.0,4.9932146
5.0,5.895179
5.0,4.9920783
5.0,5.328475
5.0,4.993365
5.0,5.0443907
5.853872,4.9957066
5.0,5.0225525
5.958607,5.2941613
5.5086384,5.0323963
6.080922,5.764339
8.119186,8.15587
5.0,4.9915338
5.5228786,6.132907
5.0,4.9953237
5.0,4.99028
5.0,4.9927607
5.920819,5.9181457
6.036212,6.612479
5.0,5.1601334
5.0,5.061254
5.0,5.197877
6.180456,7.4532356
5.0,4.9939475
5.0,4.99244
5.5228786,6.1555176
5.0,4.991551
5.0,5.2054343
5.0,4.9896274
5.0,5.0108757
5.0,6.094744
5.0,4.9874883
7.387216,5.9611964
5.0,4.991786
5.0,4.9926004
5.0,4.984986
7.1307683,7.4632745
5.0,4.991045
5.0,5.059967
5.0,4.9907346
6.236572,7.2328625
5.0,4.9876995
5.0,5.0077868
5.0,4.992528
5.0,4.9931664
5.0,5.0097017
5.0,5.002486
5.0,4.990036
5.0,4.992846
5.0,4.991803
6.5850267,6.488886
6.79588,5.928815
5.0,4.986985
5.0,4.991859
5.0,4.989828
5.0,5.0320153
5.0,5.1342025
5.0,5.029238
5.0,5.010532
5.0,4.998286
5.0,5.401292
5.7695513,5.507411
5.0,5.0898566
5.958607,6.0681305
8.29243,8.17868
5.0,4.995011
5.0,5.0136404
5.0,4.9927464
5.0,4.9912567
5.21467,5.443471
5.958607,5.00389
5.4202166,5.377064
5.0,4.991737
5.0,5.006146
6.180456,6.0625167
5.0,4.984352
8.677781,7.666992
5.0,4.9913487
5.0,4.98444
5.0,5.0566864
5.0,5.9703107
5.0,5.0382304
5.0,4.98866
5.0,5.006949
5.0,4.986911
6.102373,5.0323963
5.0,4.991862
5.0,5.162651
5.0,4.994015
5.0,5.128596
5.0,5.2413187
5.6197886,5.18043
6.30103,6.176676
5.0,5.023086
7.1307683,7.697709
6.5850267,6.629054
5.0,4.9922214
5.0,4.9933467
5.0,5.0252194
5.0,4.991876
5.0,4.992321
5.0,5.0377865
5.0,4.991505
5.0,4.99193
5.0,4.9945188
5.0,4.993192
6.2839966,6.8225484
5.0,4.991958
6.853872,6.7504783
5.79588,5.18718
5.0,5.2079787
6.4089355,5.3505726
5.0,4.987992
5.8860564,5.001567
6.0222764,5.314292
5.0,5.0356865
5.0,4.9938397
5.0,4.9069266
5.0,4.9876013
6.853872,7.0422974
5.0,5.5699024
5.0,4.992125
5.0,5.012161
6.49485,5.8578343
5.0,5.196092
9.721247,8.473852
5.49485,6.6855354
6.552842,6.866569
5.0,5.004802
5.0,4.9914713
5.0,4.9919276
5.0,4.990034
5.958607,5.1179476
5.0,5.0304475
5.0,5.000329
7.29243,5.0168524
5.0,4.992088
5.0,4.990558
5.0,4.9965906
7.3565474,5.0070224
5.0,5.0176673
6.5850267,7.358575
5.79588,5.996797
5.0,5.2240653
5.0,4.989872
7.8860564,8.248409
5.7447276,6.5176234
5.0,4.9939365
5.0,5.164767
7.920819,6.5874667
5.0,5.226117
5.0,5.0093117
5.0,5.009348
5.7695513,5.589264
5.0,5.1835647
5.0,4.9819827
5.0,5.0082436
7.318759,7.052085
5.6197886,5.010637
5.0,7.4307423
8.481486,8.115176
5.0,4.9947495
5.0,4.9929614
9.721247,9.8006935
5.0,4.991214
5.0,4.997035
5.0,5.029163
5.0,5.13849
5.0,4.9969683
5.0,4.9902887
6.6575775,6.672774
5.0,5.035525
5.0,5.057012
5.0,4.9919133
6.29243,5.268934
6.49485,6.4171896
5.7447276,7.7891626
5.0,6.3423495
5.0,4.995842
5.6382723,5.4810414
5.0,4.9887257
8.055517,9.221476
5.0,4.9921637
5.0,4.99049
5.0,4.994754
5.0,5.669309
5.0,4.9911
5.0,4.989556
7.6382723,7.997834
6.1426673,5.9135237
5.0,5.006038
5.0,4.987636
5.0,5.0014296
5.0,5.095281
5.5086384,5.605672
5.0,5.145314
5.0,5.098096
5.0,4.993217
5.0,5.321817
5.79588,5.2302136
5.0,4.9928565
5.4436975,5.2618904
5.0,5.6328583
5.3665314,5.346831
5.0,4.9946065
5.0,4.9961357
5.0,5.0078325
5.0,5.0943627
5.0,5.1018257
5.0,4.991736
5.0,5.04654
5.0,5.0470085
5.49485,5.030824
5.8860564,5.7918663
5.0,4.9968767
5.0,4.9843473
5.0,4.987919
5.0,5.005244
5.0,4.9916425
5.7212462,5.738366
5.920819,5.3053856
5.0,4.997581
5.0,5.4645076
5.0,5.0470276
6.207608,5.8231835
5.0,4.998381
5.7212462,5.0094457
5.0,4.992369
5.0,5.05893
5.0,5.01921
5.60206,5.13794
5.0,5.005842
5.5228786,5.24235
6.251812,5.7680874
6.823909,5.436373
5.0,5.174937
5.0,5.5440755
5.0,5.004147
6.7212462,5.0749435
6.8860564,5.855572
5.0,5.011805
7.4317985,7.186347
7.920819,7.629499
5.0,5.01776
8.455932,7.918061
5.0,4.988083
5.0,4.998348
6.4436975,6.126991
5.0,5.0437016
5.0,4.981041
5.0,5.0408807
5.0,5.0473185
7.552842,7.7076035
5.0,7.450135
7.180456,7.225053
5.0,5.0843463
5.0,4.9934573
5.0,5.0172844
6.853872,7.4307423
5.6382723,6.033073
5.0,4.9918075
5.0,5.003207
6.1426673,7.0901256
5.0,4.993465
6.6777806,7.157756
5.6777806,4.999481
5.0,4.996395
5.7212462,5.616418
5.0,5.008062
5.49485,5.908183
5.5686364,5.280108
5.0,4.9964375
6.026872,5.105132
5.0,4.991231
5.0,4.9915853
5.0,5.1425056
5.0,4.9906645
5.0,4.9959435
5.0,4.9962764
5.0,4.9950075
6.3665314,5.970715
5.0,4.9898324
5.0,5.0640254
5.0,4.988613
5.0,4.990872
6.69897,5.7985916
5.0,4.9935803
5.0,4.993836
8.619789,8.152561
5.0,5.075497
5.0,4.9897037
5.0,5.0866656
5.60206,4.9889946
5.0,4.9973855
5.0,4.99292
5.0,4.993904
5.0,5.1864243
6.6777806,6.2517834
5.0,4.994739
5.0,5.0010066
5.0,4.988345
5.0,5.0137634
5.0655017,5.5892773
5.0,6.1359506
9.244125,7.9935274
6.7212462,6.6639833
5.0,4.9770074
5.0,4.989938
5.0,5.053447
5.0,5.0183063
5.0,4.991456
6.161151,5.5672126
5.0,5.1565075
5.0,5.027404
5.0,4.9981637
5.0,4.9694967
5.455932,5.447902
5.0,4.9913697
5.0,4.999243
5.0,4.990984
5.0,4.998381
5.0,4.9911466
5.0,4.995736
5.0,4.9885716
5.0,4.989233
5.0,4.9873056
5.1487417,5.6294203
5.5850267,5.5612054
5.0,4.9959083
6.4089355,6.5278387
7.0,6.1309223
6.6382723,6.5022516
5.0,5.838733
5.0,5.013524
5.0,4.98829
5.7447276,5.6419754
6.091515,5.3901443
5.0,4.9946723
5.0,4.9909687
5.2006593,5.3452945
6.6777806,5.395024
5.0,4.9979806
6.920819,7.5750413
5.0,4.974557
5.0,4.997706
5.0,4.989966
5.0,5.009904
5.0,4.997947
5.0,4.993552
5.0,4.9969807
5.0,5.006275
5.0,4.988703
5.0,5.0072823
5.0,4.995828
7.2596374,5.3431387
10.408936,6.43405
5.0,5.0049257
5.0,5.191947
5.0,4.989209
5.0,5.0344534
5.0,5.068017
5.0,4.9955072
5.0,4.99749
5.6777806,5.532871
5.0,5.2186356
5.0,4.9834304
5.0,4.990673
5.0,4.991839
5.0,4.992363
5.0,4.995993
5.0,4.9917445
5.0,5.00264
5.0,4.990832
5.0,5.8024383
5.0,4.992252
6.823909,6.760992
5.0,4.9908023
5.0,5.3171763
7.958607,7.757416
5.958607,5.225127
5.0,5.0141425
5.0,4.993007
5.0,4.9896026
5.0,4.9884715
5.0,4.9929147
5.0,4.9903445
5.0,4.9964814
5.0,4.989046
5.0,4.9918265
5.0,5.041519
5.0,4.989623
5.0,4.987706
5.0,4.9947524
5.853872,4.98249
5.0,5.0191097
5.0,5.010932
5.387216,5.6784716
6.1870866,5.2261925
5.0,5.031825
5.0,5.001017
6.455932,6.2658405
5.221849,5.6778145
5.0,5.0304313
5.0,4.9663506
5.0,4.9836698
6.30103,6.1065493
5.0,4.9982824
5.3565474,4.9968767
5.0,4.988914
5.0,5.118255
5.0,4.9948063
5.0,4.9907618
5.0,5.0021667
5.0,4.9937205
5.1366773,5.204354
5.7695513,5.823183
5.0,4.991289
5.0,4.9967003
5.0,4.9947
5.0,4.9964695
6.8860564,5.7853785
5.0,5.0240493
5.0,4.992923
5.0,5.7432895
5.0,4.9931974
7.537602,7.391145
5.0,4.9968987
5.0,4.999441
5.0,4.991139
5.0,6.572777
5.0,4.9915295
5.30103,5.2948966
5.0,5.058533
5.0,4.9962387
8.6575775,7.9627542
7.4089355,6.1557107
5.0,4.940243
5.0,5.1288123
5.0,4.988459
5.0,5.1179643
5.0,4.9899735
5.0,4.9740415
5.0,4.987966
5.0,4.991025
5.0,5.115577
5.0,4.994751
5.0,4.9958925
5.0,4.990792
5.5086384,5.384625
5.0,5.0449395
5.0,4.9898767
5.0,5.227044
5.0,5.0163445
6.39794,4.9585733
8.318759,5.984017
5.79588,5.479398
5.0,4.998923
5.6197886,5.438774
5.0,5.0517635
5.0,4.988662
5.537602,6.902249
7.0222764,7.2421236
5.0,5.07151
5.0,5.1398716
5.0,4.994874
7.823909,6.503813
5.0,5.467859
5.0,5.0294127
5.0,4.993911
5.0,4.9900465
5.0,5.1792836
5.124939,4.9984593
5.0,4.9925375
5.0,6.9885178
7.920819,6.2846193
5.7212462,5.062233
5.0,5.0304065
7.552842,5.032929
5.0,4.991682
5.0,4.991144
5.0,4.9800615
6.3665314,6.3039308
5.0,5.0180864
5.6197886,5.0473185
5.0,5.0424356
5.0,4.9944215
5.0,5.244607
5.0,4.9972463
5.0,4.9929805
5.0,5.021097
8.568636,8.400763
5.0,4.989665
5.0,4.9902587
6.4436975,6.686018
5.0,5.553316
5.0,4.9935303
7.4436975,5.6379933
5.0,5.2813997
8.107905,6.0517564
5.0,4.9904532
6.7212462,6.063505
5.0,5.047397
6.1739254,5.15507
5.0,4.9919395
7.2596374,5.3739276
5.0,5.011756
6.0655017,6.008805
5.0,4.999288
5.0,5.237069
5.7212462,5.897672
5.823909,6.616474
5.0,4.9929276
5.0,6.916681
5.0,5.9566956
5.0,4.991365
5.0,4.991166
6.60206,7.351042
5.0,4.9918346
5.0,4.995399
5.0,4.990228
5.0,4.990023
8.39794,7.704764
6.5086384,5.471489
5.0,5.103896
5.0,4.987955
5.0,4.990762
6.19382,5.641738
5.0,4.989963
5.0,4.9714656
5.167491,5.724893
7.8860564,7.282208
6.7695513,6.947951
5.0,4.9860654
8.102373,7.2696047
5.0,4.9866557
5.0,4.9999146
5.0,4.998188
5.5086384,5.3325415
5.0,5.6982822
5.0,4.992558
5.0,4.9944115
5.0,4.9895377
5.167491,4.989589
5.161151,5.8438787
8.0,7.806201
5.0,4.990853
5.0,4.99227
5.0,5.1447897
5.0,4.9895945
5.0,4.988262
5.0,4.9958
5.0,4.988492
5.0,5.020378
5.0,4.99016
5.0,4.9908586
7.7695513,7.5672235
5.0,4.9937916
5.7695513,5.641738
5.0,4.992659
7.5850267,7.9968815
5.0,5.0253415
5.0,4.9969172
5.0,4.999578
5.0,5.006844
5.0,5.0079255
5.0,4.984654
7.8860564,6.8231883
5.1079054,5.0111423
5.0,5.652871
5.0,4.9951057
5.1870866,5.1852627
5.0,4.9974184
6.8860564,6.614645
5.0,4.997185
5.0,4.9949374
5.0,4.9899974
5.0,4.989426
5.0,5.0234575
5.0,5.0063806
5.0,5.421978
5.0,4.989543
5.0,5.1093407
5.0,5.0226836
5.0,4.9908442
5.0,4.993125
5.0,4.9903984
5.0,5.013205
5.0,4.992178
5.0,4.99279
5.0,5.1699123
6.4436975,7.1497283
7.3665314,6.817786
5.0,4.9898534
5.376751,7.789162
5.0,5.1003723
5.0,4.9923663
5.0,6.128758
5.0,4.988708
5.0,4.881957
5.69897,5.3835545
5.0,5.0004854
5.0,4.9917803
5.0,5.0425844
5.0,4.9908223
5.0,5.0434856
5.0,4.9420156
5.0,4.974955
5.0,4.9942813
5.0,5.0268254
7.481486,6.6779957
5.0,5.002603
5.0,5.0215507
5.6382723,5.6294203
5.1739254,5.359974
5.0,5.270835
5.0,4.9783826
6.5086384,5.7102013
5.0,5.195162
5.0,5.048574
5.080922,5.0944414
8.920818,8.589708
5.0,4.9952497
5.0,4.9851046
5.0,4.989835
6.5086384,6.2358055
5.0,4.991962
7.0132284,6.1018825
5.0,4.990342
6.2006593,5.6249223
5.0,4.9927154
5.05061,5.010699
5.0,4.9915805
5.0,5.0301523
5.468521,5.392103
5.0,4.9944773
5.0,4.991928
5.0,5.036699
5.0,4.9927063
5.468521,6.0674
5.0,4.9922595
5.0,5.115491
5.0,4.9905977
5.0,4.9946203
5.0,4.991209
5.0,4.9906983
5.0,5.2818794
5.6382723,5.103233
5.0,4.9885406
5.0,5.6412516
5.0,5.0115156
5.0,4.9875064
5.0,4.9923334
5.0,4.997916
5.0,5.3532724
5.958607,5.8107047
5.0,5.0270786
5.0,4.9897685
5.0,5.0096483
5.0,5.0334516
5.0,5.4075856
5.5686364,5.315434
5.0,4.993471
5.0,4.995028
5.0,4.990987
9.769551,9.93096
5.0,5.013047
5.0,4.9896684
5.455932,5.0783725
6.853872,7.4307423
5.0,4.9892926
5.0,4.9923935
6.6777806,6.126362
6.3665314,6.0935564
5.0,5.0137863
5.0,4.978679
6.920819,7.2576175
5.0,5.008931
5.0,4.955372
6.537602,6.909161
5.0,5.003504
6.537602,6.192566
6.031517,6.2475004
5.0,5.0323963
5.0,5.004485
5.0,5.2123175
5.7447276,5.017586
5.0,4.992903
5.0,5.0090585
5.0,5.0875006
5.0,4.994319
6.60206,6.440545
5.0,4.992383
6.075721,5.6416216
5.0,5.063667
5.0,5.019284
5.0,4.989925
5.0,4.9885135
6.017729,7.266446
5.0,5.2264123
5.0,4.989607
6.853872,7.080428
5.6197886,5.386815
5.0,5.004138
5.0,4.9921637
5.387216,6.382848
6.05061,6.567581
5.0,4.992472
5.0,5.5444775
6.1307683,5.485329
5.0,5.0480466
5.0,4.988576
5.0,4.989258
7.823909,8.343117
5.0,4.989384
5.0,4.9670725
5.0,6.571383
5.0,4.997741
5.0,4.9924088
5.0,5.0
5.0,5.0919185
5.0,4.9931355
5.0,5.0045714
5.0,6.1007333
5.0,4.980169
5.0,4.9928894
5.0,6.629054
5.0,5.137915
7.6382723,6.626031
5.0,4.9475775
5.0,5.1328115
5.0,5.030953
5.5850267,5.143866
5.0,5.065779
5.0,5.0348177
5.0,4.9927344
5.0,5.1111617
5.0,4.9965625
6.221849,5.6788607
5.0,4.996641
5.008774,5.275019
5.7447276,5.411204
5.0,4.9903603
5.0,4.989956
5.0,5.0333915
5.1307683,5.006304
5.0,5.3312373
5.075721,5.2087426
5.0,4.9736834
5.0,4.9901357
5.0,4.994077
5.5850267,4.9943795
5.0,5.0153365
5.0,5.0240293
5.0,4.9980106
5.0,5.0345483
5.0,4.9902525
5.0,5.270619
5.0,4.9990883
8.69897,7.6851954
5.0,4.991731
5.0,4.99357
5.0,4.9960737
8.376751,7.798834
5.0,4.993394
5.0,4.991289
5.0,4.9884562
5.0,5.118037
8.823909,7.0891666
5.0,4.9933133
5.0,4.9917293
5.958607,5.250387
5.920819,5.1381097
5.0,4.9891267
5.0,4.9910917
5.0,5.0968504
5.0,5.050026
5.0,4.9676285
5.0,5.0072675
5.0,4.9912467
5.7212462,4.9890738
5.0,4.991565
5.0,4.9887614
5.0,5.029827
5.0,5.060049
5.0,5.001942
5.0,4.9972143
5.0,4.9904704
5.0,5.13407
5.0,4.9829764
5.0,4.9857264
5.0,4.989697
5.0,4.990443
5.4317985,5.0759716
5.0,4.994257
5.0,5.036733
5.0,4.9766173
6.29243,5.304942
5.4202166,6.3765626
7.1426673,7.6237454
5.0,5.007057
7.2596374,6.9316473
5.0,5.381841
5.0,4.994561
5.0,5.3328714
5.0,4.9849396
5.0,5.0317807
5.0,4.991786
5.0,5.014119
5.0,5.0093584
5.0,4.9916344
5.0,4.990865
5.7212462,6.1785846
5.4089355,5.0014224
5.0,4.994749
5.0,4.944962
5.0,5.298743
5.0,4.9905205
5.0,5.0125494
5.0,4.989544
5.0,4.992641
7.4317985,6.34547
5.60206,6.8492155
5.0,5.0195646
6.0,5.6775436
5.0,5.1065345
5.0,4.9901185
5.0,5.0944557
5.0,5.0021954
5.1870866,5.163959
5.0,4.996605
6.60206,5.987189
5.0,4.9915333
5.0,4.988879
5.0,6.174271
5.0,4.987936
5.0,4.9888406
5.0,5.065907
5.0,4.999533
5.0,4.9069266
5.0,4.990744
6.958607,6.6442356
6.6382723,6.3198924
5.0,4.991488
7.0,5.8913064
5.1079054,5.0258746
5.124939,5.046622
5.0,4.9727173
5.0,4.9461675
5.0,4.9940314
8.075721,7.5496254
7.49485,7.0221567
5.0,5.046135
5.0,4.9838233
6.1366773,5.021943
5.0,4.9860983
6.0604806,6.145748
5.0,4.991687
5.0,4.991821
5.0,5.005611
5.0,4.990551
5.0,5.788108
5.0,4.9938154
5.79588,6.4464107
5.0,4.9999723
5.1487417,6.273747
5.0,5.817895
5.0,5.009359
5.0,5.1322813
5.0,4.996835
5.0,4.9920516
5.0,4.999195
5.0,4.970638
5.0,4.995114
5.0,4.9708753
5.2596374,5.377064
5.0,5.276953
5.0,5.072705
5.0,4.985872
5.0,6.075092
5.0,4.993365
5.0,5.044374
5.0,4.999074
5.0,5.527337
5.236572,5.2556396
7.337242,6.957377
5.0,5.453562
6.19382,6.5213737
6.251812,6.3242445
5.0,4.9920235
5.958607,8.476014
5.0,5.072856
5.0,4.9961743
5.0,4.988439
5.0,5.1300282
5.0,5.101518
5.0,5.005018
7.070581,6.5359697
5.0,4.976219
5.0,5.004252
5.0,5.163142
5.0,4.989437
5.958607,5.0655775
5.3565474,5.4004016
5.0,4.995608
5.0,5.0056396
5.0,4.993235
5.0,4.992066
5.0,4.9864883
5.0,4.989045
5.0,5.5293145
5.0,4.991832
6.387216,4.9963717
5.0,4.9960194
7.1870866,5.685331
5.0,4.9493403
5.0,4.9936185
5.0,5.064033
5.0,5.007714
5.0,5.013369
5.0,5.0442934
5.0,4.9888353
5.6575775,5.377064
5.0,4.9882035
5.0,4.974765
5.823909,6.4382386
9.070581,7.1527457
5.0,5.189368
5.0,5.2581434
5.0,4.997185
5.7447276,6.5717764
5.0,4.988417
5.0,4.9908166
5.0,5.100379
5.0,4.9898353
5.30103,4.9958615
5.0,5.02581
5.8860564,5.7918663
5.5228786,6.9073524
5.0,4.990882
5.0,4.9879436
5.0,4.997606
5.0,6.383367
5.0,4.991266
5.0,4.984654
5.6197886,5.021947
5.0,5.0322237
5.0,4.985213
6.0,5.2358403
5.0,4.9926467
5.0222764,4.9998255
5.0,4.9921246
5.0,4.991976
6.69897,6.2898607
5.008774,5.182435
6.2676063,5.253025
5.0,4.988763
5.0,5.094731
5.0,4.993115
5.0,5.8053646
5.21467,5.002643
6.920819,7.2294393
5.0,4.9886518
7.6382723,7.7315135
8.1549015,7.367141
6.5086384,6.6708107
5.19382,4.995715
7.49485,6.2133594
5.0,5.4540386
5.0,5.213688
5.0,5.16363
5.0,4.9898744
5.0,4.9984317
7.2006593,5.085667
5.0,5.016494
5.0,5.1043773
5.0,4.99084
5.0,4.99337
7.30103,5.721226
5.0,5.0027027
8.408936,7.211124
5.0,5.0015116
5.0,5.0589504
5.0,4.998986
8.920818,6.276038
7.5850267,6.605637
5.0,4.987024
5.0,4.9930844
5.8860564,5.5703554
5.0,5.26085
5.0,4.9933157
5.0,5.239619
8.60206,8.489706
5.0,5.0676813
5.0,5.0143924
7.0132284,6.6779957
5.0,5.0035143
5.79588,5.042951
5.0,5.062148
5.0,6.7116575
5.0,4.989467
5.0,4.998651
8.05061,7.5984364
5.0,6.2326236
5.0,5.180153
5.0,4.9938517
5.0,4.988493
5.920819,6.4313
5.091515,7.753849
5.0,4.9985676
5.0,5.202293
5.0,4.99223
6.8860564,5.5829206
5.79588,5.118784
5.376751,5.928711
6.207608,5.4678273
5.0,5.00174
5.0,4.9900146
5.0,4.9625406
7.2441254,5.951537
5.0,4.9939632
5.0,5.014853
5.0,5.007872
5.0,5.4829507
5.0,4.9918838
5.0,5.1526504
9.387217,8.818991
8.20066,7.7753887
5.0,4.988173
5.0,5.0030303
5.0,4.9946866
5.0,4.992547
5.0,5.0080976
5.0,4.989936
5.0,4.998099
5.0,4.9850607
5.0,5.3518844
5.0,4.992644
7.251812,6.990373
5.0,4.9900603
5.0,5.0121794
5.0,4.996004
5.0,4.980184
5.0,4.987655
5.0,5.303682
5.0,5.407287
5.0,4.9894605
6.091515,6.0678306
5.0,4.995442
8.29243,5.674653
5.0,5.1492553
5.0,5.008528
5.0,4.998128
5.823909,6.569068
5.0,5.009229
5.0,4.934423
5.0,5.007619
5.0,4.990447
5.0,4.992944
5.0,4.9930167
5.0,4.9891787
5.0,4.990573
5.0,4.9948587
5.0,4.9921074
5.0,4.994647
5.0,4.990629
5.0,4.9883585
7.920819,7.043149
5.0,5.015869
5.0,5.098768
5.0,4.992675
5.0,4.9911714
5.0,5.2400446
5.79588,5.015296
5.0,4.9833746
6.309804,6.000932
5.0,4.9888506
5.4436975,6.3987417
5.49485,5.566993
5.60206,5.0977964
5.0,4.995275
5.0,5.001211
5.0,5.0021486
6.3279023,5.63661
5.275724,5.268874
5.0,4.990987
5.0,4.996231
5.0,4.9902306
5.0,5.0196943
5.0,5.008018
5.0,4.9880586
5.0,4.99009
5.0,5.074419
5.0,5.073073
6.21467,5.278824
5.0,5.0494823
8.958608,8.902994
5.0,4.981078
6.3467875,6.681246
5.0,4.9899206
7.3665314,6.707331
5.958607,6.3468256
5.0,5.024599
5.6575775,5.2962556
5.0,4.9930973
5.0,4.9904895
5.0,4.9926853
8.744727,7.415452
7.79588,7.3827114
5.0,4.995086
5.0,5.3820853
5.0,5.35246
5.39794,5.2123313
6.920819,7.274838
5.0,4.9927077
5.0,4.9889874
5.0,4.992831
6.468521,5.9726357
7.8860564,7.9145136
5.0,5.229701
5.0,5.009122
5.0,5.076783
5.0,5.023832
5.0,5.0039315
5.0,5.011161
5.0,4.9906487
5.0,6.194906
5.920819,5.3100743
5.0,4.991979
5.0,4.9929414
5.0,5.0021667
5.0,4.9945083
5.0,5.007628
5.0,4.9909153
5.0,5.001596
6.275724,7.5672235
5.958607,5.0787582
5.0,5.3006124
5.0,5.5605683
5.6382723,5.5545654
5.0,4.9885163
7.958607,7.7005606
5.0,4.994084
5.0,4.9947495
5.0,4.98533
5.0,5.0055957
5.920819,6.0185175
5.0,4.9917135
5.0,5.659342
5.0,5.002938
5.0,5.005952
5.0,4.989077
5.0,4.995415
5.0,4.993804
6.6777806,5.2394114
5.0,4.9949536
5.0,4.993555
5.0,5.0195723
5.0,4.997428
5.0,4.9920845
5.0,4.985599
5.0,5.086815
5.0,4.990492
7.6382723,7.1757894
5.0,4.996315
5.2441254,5.050707
7.920819,6.9145346
5.0,4.9903874
5.0,5.1057267
5.0,4.9924774
5.0,6.086858
6.60206,6.078321
5.0,4.972779
6.29243,5.531185
5.0,4.990184
5.0,5.037769
5.0,5.039579
5.30103,5.7455616
5.0,5.041867
5.0,5.122348
6.6197886,5.4525213
6.3467875,6.006766
5.0,5.001687
5.0,4.9882345
5.853872,6.7277794
5.5850267,5.369101
5.0,4.9889445
9.091515,5.042807
5.0,4.990018
5.0,4.9943986
5.0,4.9887414
5.0,4.996568
5.5686364,5.023679
5.0,4.993126
5.0,4.9905667
5.0,4.9929237
5.0,4.9878707
5.0,4.993762
5.0,4.9908476
5.0,4.998411
5.0,4.9899745
5.0,5.0693464
5.0,4.9906898
5.0,4.992651
5.853872,5.1373286
5.481486,4.921368
5.0,4.9877243
5.0,5.023634
5.0,4.993202
5.0,4.9991984
5.0,4.992543
5.0,4.9540873
8.721247,8.476014
5.004365,5.2873006
7.0132284,6.3291264
5.0,4.994686
5.0,4.9891276
5.0,4.9930863
5.0,5.0024986
6.481486,6.569852
5.0,5.0925875
6.920819,6.421335
5.0,5.0972886
5.853872,5.6466594
5.0,4.9937253
5.0,5.029125
5.0,5.1647015
5.49485,5.0751524
6.6382723,6.4089556
5.0,5.1389184
5.0,4.992642
5.0,5.8032036
5.958607,5.8722243
5.0,5.3533344
5.481486,6.047815
5.0,4.9738655
5.0,4.9948277
5.537602,5.721925
5.0,5.4342113
5.0,4.9934554
5.4089355,5.633159
5.0,5.0253105
5.0,4.995544
5.0,4.983079
5.0,4.9924364
6.6382723,6.445628
5.0,4.989246
5.0,5.0079713
5.0,4.9945464
5.0,4.9888797
5.0,4.9930067
6.7212462,6.90112
5.0,4.991843
5.0,4.991949
5.0,5.679194
9.244125,8.785652
5.0,5.061696
5.0,5.001494
6.207608,4.961725
6.4089355,5.7630534
5.0,5.0797806
5.7212462,5.797329
5.3467875,5.080013
5.0,4.9901013
5.0,5.166648
5.0,4.995862
5.0,4.98778
5.0,5.5032187
8.522879,8.415539
7.221849,6.4735723
5.8860564,5.0127816
5.0,5.066785
5.0,4.990563
5.0,4.9930763
5.8860564,5.8671355
9.031517,8.902994
5.0,4.994746
5.0,5.0069075
5.468521,5.491888
5.0,5.0024285
7.6382723,6.932472
5.0,5.1439185
5.0,5.072601
5.0,4.9867644
5.0,4.9959035
5.0,4.991656
5.0,4.986894
5.0,5.1669354
5.0,5.008039
5.0,6.3321743
5.0,4.994952
5.0,4.9914374
6.0655017,7.962754
5.7212462,5.0070605
6.075721,6.398899
8.886057,8.400763
5.0,5.019242
8.086186,7.277757
5.0,5.0280967
6.30103,6.2295885
5.0,5.0035033
6.3279023,6.5096893
5.337242,5.046912
5.0,5.002016
8.187087,7.8135366
5.0,4.987057
5.0,4.995286
5.0,4.993414
5.0,5.0124626
5.0,4.991517
5.0,5.0170026
5.0,5.6982822
5.0,5.0020757
5.0,5.0126896
5.1191864,5.092727
5.0,5.4855146
5.0,4.9876018
5.0,5.0879145
5.0,4.98911
5.0,4.9968767
5.0,4.991205
5.0,4.9904065
5.69897,5.7918663
7.3665314,6.199495
5.0,4.991738
6.481486,6.487472
5.0,5.0181756
5.0,5.024892
5.49485,5.197877
5.6382723,6.1247063
5.0,4.991308
6.481486,5.8748045
5.0,4.991645
5.1870866,4.9879804
5.0,4.924464
5.0,4.965973
5.0,5.0431376
5.0,5.001357
5.0,5.5911384
5.0,5.0196943
5.0,4.993489
5.0,4.994182
5.0,4.9898763
5.0,6.3905916
5.0,5.1328115
5.0,4.99156
5.0,4.988185
5.6777806,6.5059304
6.1307683,5.783076
7.4089355,7.4032097
5.4317985,5.2825375
5.337242,5.9395337
5.7212462,5.009005
5.0,5.3823237
5.0,5.226117
5.0,4.9974146
5.0,4.9985533
5.0,5.0129223
7.3565474,6.670909
5.0,4.9907794
5.0,5.0053988
5.0,5.8409643
5.0,4.9916935
5.0,4.989437
5.0,4.9824295
7.004365,6.320629
5.0,5.1951623
5.0,4.9941144
5.0,4.992686
5.0,5.064881
5.0,4.9900546
5.0,4.988876
5.0,4.9737754
5.0,4.9998307
8.49485,5.189369
5.6382723,5.508704
6.236572,6.163986
5.0,4.9938855
5.0,4.9979277
5.2596374,5.607661
7.4317985,6.589672
5.0,5.005622
5.0,4.97506
5.275724,5.0267897
5.318759,6.1805487
6.6575775,6.2957554
5.0,4.9934306
5.0,4.9874296
5.0,4.991209
5.0,4.989373
5.0,4.9884644
5.0,4.991563
5.0,5.000077
5.0,4.989307
6.229148,5.0043607
5.0,5.1485686
5.0,4.989886
5.0,5.4310403
5.0,5.5756903
5.0,4.9934535
5.0,4.9963956
5.0,5.4297156
5.0,5.3609505
7.207608,4.987431
6.5686364,5.39778
5.0,4.9930716
7.1870866,6.990373
5.0,4.9859977
5.79588,5.848984
6.69897,6.2679954
5.0,4.9943147
5.0,4.99072
6.3467875,6.1064143
6.0222764,5.918767
7.7447276,5.9330726
5.0,4.9933505
5.0,4.997185
5.0,4.993166
5.0,4.992377
5.0,5.0064297
5.0,5.0275183
5.0,5.388502
5.0,5.0071616
5.0,4.99166
5.0,4.973447
5.0,4.9912906
5.0,4.9934525
6.552842,6.2624283
10.431798,9.889248
7.0222764,6.2457647
8.552842,7.9627542
6.070581,6.2818623
5.0,5.000231
5.0,5.0422225
5.0,4.988225
5.0,4.993077
5.0,4.985078
5.0,4.9969826
5.0,4.9817305
5.0,4.9460597
5.0,4.9888077
5.0,5.0754323
5.1307683,5.036569
5.0,4.990429
5.0,4.9966927
5.0,4.991287
7.5686364,7.69989
5.5086384,6.4854245
5.0,4.992291
5.0,5.4401817
5.0,4.985698
6.1739254,5.660178
6.0457573,6.1751566
5.0,5.047859
5.0,4.992457
5.0,4.9937263
5.0,5.0176983
5.0,4.9911885
5.0,5.080695
5.0,5.002403
5.0,5.3298283
5.0,4.998908
7.8860564,7.9077215
6.2441254,5.5302005
5.0,4.9696903
5.0,4.9922733
5.0,4.9775095
5.0,4.9966435
6.455932,5.580332
5.0,4.99223
5.0,5.003207
5.0,4.995729
5.0,4.9982657
5.0,5.0021667
5.0,4.9912076
5.0,4.991798
8.045757,7.4387035
5.49485,5.7262597
5.0,4.9947104
5.0,4.9814186
5.0,4.9628663
5.0,4.992389
5.0,5.4067373
7.823909,6.910712
5.0,4.9897895
5.0,4.9907665
5.0,4.991399
5.958607,5.7799034
5.0,4.9897995
5.0,5.2259994
5.0,5.0868983
5.0,4.997823
5.0,4.9939103
5.823909,6.2272825
5.0,4.9999714
5.0,5.0274334
5.7212462,5.1000004
5.4436975,5.055226
5.0,5.027356
5.0,4.995684
5.0,4.989635
5.0,5.036119
5.0,5.0468483
5.455932,6.2003818
5.0,4.989535
5.0,4.9916916
5.0,4.9746146
5.0,4.9949007
5.0,4.9902997
6.008774,6.048388
5.0,4.9912715
5.0,5.101803
5.0,4.998877
5.0,5.1022854
5.0,4.991779
5.0,4.9886727
5.0,5.009907
5.0,5.039785
5.60206,5.1925917
5.0,4.995288
5.0,4.993407
5.0,4.990325
5.0,4.9915075
5.7695513,5.329404
5.0,4.9907336
5.0,4.998594
5.0,5.010986
5.0,4.9882126
5.0,4.993116
5.0,4.996897
5.0,4.9987183
7.537602,7.5693684
5.0,4.987316
5.0,4.99876
5.0,4.9955955
5.0,5.024299
7.7447276,5.970707
5.79588,5.742011
5.0,5.5370107
5.0,4.9905443
5.251812,4.999097
5.0,5.0347896
5.0,5.0055404
7.086186,6.2413054
6.958607,7.0474963
5.0,5.004644
5.853872,5.2379327
5.0,6.77432
5.0,5.0422525
5.0,4.9907403
5.0,5.3638577
5.0,4.9940825
5.0,4.9905863
5.0,5.0053864
5.0,5.074135
5.0,5.0387583
5.537602,6.176676
5.823909,5.2907643
5.0,5.041252
5.0,4.9895225
6.102373,6.472733
5.0,4.991401
5.0,5.2606783
5.0,5.4816904
5.0,4.989073
7.0222764,7.116326
5.79588,5.2339244
6.008774,6.1452813
5.0,5.0350623
6.958607,6.87988
5.853872,5.295773
7.958607,7.046791
5.0,4.9889655
6.6777806,5.679256
5.0,4.991431
5.0,4.9882607
5.0,4.9907327
5.0,4.991933
